[
    {
        "rank": "1",
        "title": "Rewrite The Stars",
        "artist": "The Greatest Showman",
        "imageURL": "https://lh3.googleusercontent.com/JCSCUL9b2MigEbo6gcGJpjq3TSAxv5QMmiHiBrPZLAQeO8dclmrUu47hq_CH4OaTVvdfy0HMLa1A8sU=w544-h544-l90-rj",
        "videoID": "gdjR2lvIfJ4"
    },
    {
        "rank": "2",
        "title": "Steal The Show",
        "artist": "Lauv",
        "imageURL": "https://lh3.googleusercontent.com/H-Zd0IC85VkJXOlDXiuuaiYNLKPtQuWdwgE2c2Mg3309UrxnfAcWIqSBLXyfmf8uviS6q4Y7VdI2574=w544-h544-l90-rj",
        "videoID": "GTwu-YsMvyo"
    },
    {
        "rank": "3",
        "title": "Dangerously",
        "artist": "Charlie Puth",
        "imageURL": "https://lh3.googleusercontent.com/TlXKDSRGrj0ogqmGbzyGvZrsT9T0F6xgV-2-3pelbzRms0cODdb-ndDg6SpFzkHYMb4NMMMW957wmrObfw=w544-h544-l90-rj",
        "videoID": "TBXQu8ORnBQ"
    },
    {
        "rank": "4",
        "title": "That's Hilarious",
        "artist": "Charlie Puth",
        "imageURL": "https://lh3.googleusercontent.com/eum4VmjS8HMNAzLzW8VIFekeUXi0VFyvxFyS2b8oLEmeY61Kt-7ePFCYrwxTL1ovExKoHGQsb3WhTns=w544-h544-l90-rj",
        "videoID": "Nq3x1AkwgpY"
    },
    {
        "rank": "5",
        "title": "Counting Stars",
        "artist": "OneRepublic",
        "imageURL": "https://lh3.googleusercontent.com/m2pZLjozMvQBj21LgvAIslVPP-T2xQlxbxCTJ98vpPN8HZ0fgR-wisJQ2IzrKS2yLTAYBjs0TpOYnIY=w544-h544-l90-rj",
        "videoID": "_GWKkqNoyEA"
    },
    {
        "rank": "6",
        "title": "I Ain't Worried",
        "artist": "OneRepublic",
        "imageURL": "https://lh3.googleusercontent.com/3wlF7gwK6D-aXMqRc0_NtBi9_-3p-SJY3L9hjcFzp4JSEMUTN8SBoELpNDy4eHbDhyd5YNlH3l6289Is=w544-h544-l90-rj",
        "videoID": "NF7oYY7Lhq4"
    },
    {
        "rank": "7",
        "title": "Come and Get Your Love",
        "artist": "Redbone",
        "imageURL": "https://lh3.googleusercontent.com/SckDB8cUw7jpaDTj1tEElvRrNxcbCCy2OTS4WvaHWVF1Xf0Gi-vMTIMQnGoBQHCzcT9Ey-KrYXTlqQg=w544-h544-l90-rj",
        "videoID": "rsf_gTZG4cI"
    },
    {
        "rank": "8",
        "title": "Never Gonna Give You Up",
        "artist": "Rick Astley",
        "imageURL": "https://lh3.googleusercontent.com/eC9DfRcYSk4FE-fvDCJSu_4xsKdVMKxwmFTYFZwP8OqB7R4TKxAjKoR-Kp1lXeRi2WddPFYulSte4eW-=w544-h544-l90-rj",
        "videoID": "lYBUbBu4W08"
    },
    {
        "rank": "9",
        "title": "LADY",
        "artist": "Kenshi Yonezu",
        "imageURL": "https://lh3.googleusercontent.com/7e0qJAww69B2DFDDUgFqp59lWMXzuHGS-GG_BFR1sD8rcO80G71aP86hV9NGCqsjx4dMEzO1yxZojAA=w544-h544-l90-rj",
        "videoID": "zOkIe3RcTCs"
    },
    {
        "rank": "10",
        "title": "Pretender",
        "artist": "Official Hige Dandism",
        "imageURL": "https://lh3.googleusercontent.com/aixVDum8bIjxh-zawNsilqtKif-lH5ogu3B5eUMGp6BPilm5_iYJs5aon8gDUa5Cd5ec67lClIkEwoE6=w544-h544-l90-rj",
        "videoID": "37W7Y2RRyiM"
    },
    {
        "rank": "11",
        "title": "感電 - Kanden",
        "artist": "Kenshi Yonezu",
        "imageURL": "https://lh3.googleusercontent.com/ihDkpi5bfGTVmbGRW6OfunzOsalzb55qSIHkQWOKAXKtYrki6AP_1HXFX4QSToJktQFiYOUm68_Ijg0=w544-h544-l90-rj",
        "videoID": "XuTIkXPCKQY"
    },
    {
        "rank": "12",
        "title": "真夜中のドア/Stay With Me",
        "artist": "Miki Matsubara",
        "imageURL": "https://lh3.googleusercontent.com/LFIQ0E1aV-jNjDk0PjVQl6-aBIK4tME5jWGE8nPmqlSH0RxQdPP6mK_edOVyp_btuQoctFrz7r9x-g0E=w544-h544-l90-rj",
        "videoID": "BBj3SCImk_A"
    },
    {
        "rank": "13",
        "title": "プラスティック・ラブ - Plastic Love",
        "artist": "Mariya Takeuchi",
        "imageURL": "https://lh3.googleusercontent.com/TvbO-q9G8b7magUh7w92V4LvS8VDERHb2u6K74Iftx6oT5KizkPxtJC9Xn5w60Q40sA6Y_edLD0gpsRR=w544-h544-l90-rj",
        "videoID": "Kvmo17lrZQM"
    },
    {
        "rank": "14",
        "title": "Out of Time",
        "artist": "The Weeknd",
        "imageURL": "https://lh3.googleusercontent.com/5teqUPmWiFmagN0RggBKRXSW1zUj5_fVCEhbVhN6qt519EyHj6njy1x8dnJcRWNhQ5cl4dZgGaxbyqgv=w544-h544-l90-rj",
        "videoID": "2yqYAsUpdSc"
    },
    {
        "rank": "15",
        "title": "Die for You",
        "artist": "The Weeknd",
        "imageURL": "https://lh3.googleusercontent.com/dcxXIIlest09vnvKznWM9VWQXu1EL7lKxBzXGzwgmVjmMNBm1dEWT_0qn1xrEZYyKF_qRE1TLq8P_JY_mQ=w544-h544-l90-rj",
        "videoID": "mTLQhPFx2nM"
    },
    {
        "rank": "16",
        "title": "Drive It Like You Stole It",
        "artist": "Sing Street",
        "imageURL": "https://lh3.googleusercontent.com/Y61SlU66iiQSjwwdrnPb7LiwPhHFLaFRg0NwCDYsYWIJTaU3IqZQH_T3UefPp82lEIO2OugLHMgbPCz3NA=w544-h544-l90-rj",
        "videoID": "0eyrBf00VIE"
    },
    {
        "rank": "17",
        "title": "白日 - Hakujitsu",
        "artist": "King Gnu",
        "imageURL": "https://lh3.googleusercontent.com/KjbA-zeWqENWLtdUubPNBgoxzZ7ElSIdGWo9Hq84dk0ZHCs_-4GW7h6RbwKiYxZtX5EA7QNoeWOiBOI=w544-h544-l90-rj",
        "videoID": "_PNFMuT6e4o"
    },
    {
        "rank": "18",
        "title": "逆夢 - Sakayume",
        "artist": "King Gnu",
        "imageURL": "https://lh3.googleusercontent.com/JXBhGHLdtcnnywU7nHbVhz9UZeWTHgkZ8FbkZd3osfg2SUWAHRTm8rEJlNBQVQuG33Gf9kgBqoSPwMsljw=w544-h544-l90-rj",
        "videoID": "9y5iaRtS3hU"
    },
    {
        "rank": "19",
        "title": "Back In Black",
        "artist": "AC/DC",
        "imageURL": "https://lh3.googleusercontent.com/etTz20YiB4ccbsUO2yLrCY9wSS9GybYF5qJh-j5tu8MLTqP2GjgROiBt_4JUC5rjnnd_RiuWa3ndUAeO=w544-h544-l90-rj",
        "videoID": "9vWNauaZAgg"
    },
    {
        "rank": "20",
        "title": "サムライハート (Some Like It Hot!!)",
        "artist": "SPYAIR",
        "imageURL": "https://lh3.googleusercontent.com/Tav3o7W_Ef7dz7zbd7ZRqLok9CO9ZxqmenYX_VyHeTQ5IL5TqKHQ-DuRnLPUiZ1ySCksiTbSciMm6SQ=w544-h544-l90-rj",
        "videoID": "FXppROCqu94"
    },
    {
        "rank": "21",
        "title": "September",
        "artist": "Earth, Wind & Fire",
        "imageURL": "https://lh3.googleusercontent.com/6yT9oflvqvXnTOu7x--2aTasgLebsNfff5RqsEd07J-oXnNYVLnn-YKu48juCBI1EKEWIa1fQTMw_Krw8A=w544-h544-l90-rj",
        "videoID": "3cKtSlsYVEU"
    },
    {
        "rank": "22",
        "title": "Bad",
        "artist": "Christopher",
        "imageURL": "https://lh3.googleusercontent.com/-JqvsdsCIkRxHZwd14bU7rZ9qZbtlc6kEqa-CIuKlzFOjVGqVdqHpAFzyQiy5aLVoW55bBhki6ZtraYp=w544-h544-l90-rj",
        "videoID": "lJZve3zkD6Y"
    },
    {
        "rank": "23",
        "title": "Tiny Riot",
        "artist": "Sam Ryder",
        "imageURL": "https://lh3.googleusercontent.com/6wTZg-bWv7Yax1_7G0QlqukOwDJHetzicZj84GHzI93-Axt0Nv638NoG7cC6RnbGSTn0-gZkwVxvnExs=w544-h544-l90-rj",
        "videoID": "UyebyTbqFMY"
    },
    {
        "rank": "24",
        "title": "STAR WALKIN' (League of Legends Worlds Anthem)",
        "artist": "Lil Nas X",
        "imageURL": "https://lh3.googleusercontent.com/_wv8AcuL5VdOHAblkYID3WIakfAM4OqkPiUrdnTT6P1XdQF8Hk3kMh6DEJeyb-f9pu51GE3AaZxGuw0=w544-h544-l90-rj",
        "videoID": "_GX3D32b3TI"
    },
    {
        "rank": "25",
        "title": "ベテルギウス - BETELGEUSE",
        "artist": "Yuuri",
        "imageURL": "https://lh3.googleusercontent.com/KMJDAAjsLT0W1hd4NWIthP3xfSk6hoXHHALB6NJgtKjlb9E3L2KLS6crQHQHaLLPbuBjJbd-JWZX41Y=w544-h544-l90-rj",
        "videoID": "HFtn3y77Vs0"
    },
    {
        "rank": "26",
        "title": "INDUSTRY BABY",
        "artist": "Lil Nas X 및 Jack Harlow",
        "imageURL": "https://lh3.googleusercontent.com/1zJQeKEbH6zGFD_SnFiiMBrWvDNaCx_tNbH4AbgyjtKffdrd-sAHqyaMHmj1WTApvKyFupA5mJ192u_T=w544-h544-l90-rj",
        "videoID": "jPe0bX_GtBo"
    },
    {
        "rank": "27",
        "title": "STAY",
        "artist": "The Kid LAROI 및 Justin Bieber",
        "imageURL": "https://lh3.googleusercontent.com/_72AYxGc5r6U2SwbDvo8qLTx0wLp1bxRAQTSWNZfeZOdP2zf6yHjIAzTZCFILrbz3AvxHqHJdqde56Y=w544-h544-l90-rj",
        "videoID": "XfEMj-z3TtA"
    },
    {
        "rank": "28",
        "title": "OMG",
        "artist": "NewJeans",
        "imageURL": "https://lh3.googleusercontent.com/UWM-x77xhcEEAK8tKICtlDSxsYedoFxQhdiDPzW-Ww59DWs7rDQpD_idJQ6h5YEJruURgpEr1O-0oq5Y=w544-h544-l90-rj",
        "videoID": "2Kff0U8w-aU"
    },
    {
        "rank": "29",
        "title": "Peaches (feat. Daniel Caesar, Giveon)",
        "artist": "Justin Bieber",
        "imageURL": "https://lh3.googleusercontent.com/lDDamgMBjF1o8ocsdDwoRPo-zuSaHNI3aGeyMpJO_AjNE6HAPZFyJ39wh-A2ySnx2XyPECOQb1HLKn3G=w544-h544-l90-rj",
        "videoID": "5rnawnfK2sQ"
    },
    {
        "rank": "30",
        "title": "Something Just Like This",
        "artist": "The Chainsmokers 및 Coldplay",
        "imageURL": "https://lh3.googleusercontent.com/4EoLt224zwxiPt7RIL9HgXF2VTEpUxiJxOf3X6MBChiyN24z1fUCRgX6cBGKtlN6yTYdu885qref3X02=w544-h544-l90-rj",
        "videoID": "owTWCbq_nSk"
    }
]