[
    {
        "rank": "1",
        "title": "Drowning (Drowning)",
        "artist": "WOODZ",
        "imageURL": "https://i.ytimg.com/vi/NbKH4iZqq1Y/hqdefault.jpg",
        "videoID": "NbKH4iZqq1Y"
    },
    {
        "rank": "2",
        "title": "aespa 에스파 'Armageddon' MV",
        "artist": "SMTOWN",
        "imageURL": "https://yt3.googleusercontent.com/_1Z4I2qpWaCN9g3BcDd3cVA9MDHOG43lE1YNWDNkKro49haGxkjwuFK-I8faWTKM6Jle9qb4ag=s176-c-k-c0x00ffffff-no-rj",
        "videoID": "nFYwcndNuOY"
    },
    {
        "rank": "3",
        "title": "METEOR",
        "artist": "CHANGMO(창모)",
        "imageURL": "https://i.ytimg.com/vi/_50jtkDnObw/hqdefault.jpg",
        "videoID": "_50jtkDnObw"
    },
    {
        "rank": "4",
        "title": "개화 (Flowering)",
        "artist": "LUCY",
        "imageURL": "https://i.ytimg.com/vi/7jxlsVRylq8/hqdefault.jpg",
        "videoID": "7jxlsVRylq8"
    },
    {
        "rank": "5",
        "title": "Summer (Feat. 비오)",
        "artist": "Paul Blanco",
        "imageURL": "https://i.ytimg.com/vi/MYZXUJ-BG-Q/hqdefault.jpg",
        "videoID": "MYZXUJ-BG-Q"
    },
    {
        "rank": "6",
        "title": "DM",
        "artist": "fromis_9(프로미스나인)",
        "imageURL": "https://i.ytimg.com/vi/QT60l6MSoz8/hqdefault.jpg",
        "videoID": "QT60l6MSoz8"
    },
    {
        "rank": "26",
        "title": "Stay This Way",
        "artist": "fromis_9(프로미스나인)",
        "imageURL": "https://i.ytimg.com/vi/1UJCm2ZzrnE/hqdefault.jpg",
        "videoID": "1UJCm2ZzrnE"
    },
    {
        "rank": "7",
        "title": "Drive",
        "artist": "미연((G)I-DLE)",
        "imageURL": "https://i.ytimg.com/vi/F_mMkeYQOMs/hqdefault.jpg",
        "videoID": "F_mMkeYQOMs"
    },
    {
        "rank": "31",
        "title": "Event Horizon (사건의 지평선)",
        "artist": "윤하",
        "imageURL": "https://i.ytimg.com/vi/j1uXcHwLhHM/hqdefault.jpg",
        "videoID": "j1uXcHwLhHM"
    },
    {
        "rank": "8",
        "title": "Oort Cloud (오르트구름)",
        "artist": "윤하",
        "imageURL": "https://i.ytimg.com/vi/58IEh6YkuzQ/hqdefault.jpg",
        "videoID": "58IEh6YkuzQ"
    },
    {
        "rank": "9",
        "title": "strawberry moon",
        "artist": "IU(아이유)",
        "imageURL": "https://i.ytimg.com/vi/Kevp2lFKSOg/hqdefault.jpg",
        "videoID": "Kevp2lFKSOg"
    },
    {
        "rank": "44",
        "title": "Love story",
        "artist": "볼빨간 사춘기",
        "imageURL": "https://i.ytimg.com/vi/WelKAFjKnDE/hqdefault.jpg",
        "videoID": "WelKAFjKnDE"
    },
    {
        "rank": "10",
        "title": "후라이의 꿈 (Fry's Dream)",
        "artist": "AKMU",
        "imageURL": "https://i.ytimg.com/vi/ZlDDiHK4tQM/hqdefault.jpg",
        "videoID": "ZlDDiHK4tQM"
    }
]