[
    {
        "rank": "1",
        "title": "이별도 쉽게 못하고 (부제 : 사랑을 말할 수 없다)",
        "artist": "#안녕",
        "imageURL": "https://i.ytimg.com/vi/604XKE8_TNE/hq720.jpg?sqp=-…AFwAcABBg==&rs=AOn4CLCB652c1UDxo7WyPoUmyRR_-PfMgQ",
        "videoID": "604XKE8_TNE"
    },
    {
        "rank": "2",
        "title": "추억은 만남보다 이별에 남아",
        "artist": "정동하",
        "imageURL": "https://i.ytimg.com/vi/_iP6_RAd9zY/hq720.jpg?sqp=-…RhlIFIoSTAP&rs=AOn4CLBVO8UGmcBhvbbHcFE1-3B62nGPkA",
        "videoID": "_iP6_RAd9zY"
    },
    {
        "rank": "3",
        "title": "잘 지내자, 우리 (여름날 우리 X 로이킴)",
        "artist": "로이킴",
        "imageURL": "https://i.ytimg.com/vi/xXSz2bEYZeQ/hq720.jpg?sqp=-…AFwAcABBg==&rs=AOn4CLBNBJvI3MnRT0IL8eTvUrC9sTcOzA",
        "videoID": "xXSz2bEYZeQ"
    },
    {
        "rank": "4",
        "title": "벌써일년",
        "artist": "브라운아이드소울",
        "imageURL": "https://i.ytimg.com/vi/U89YuK4SD9E/hq720.jpg?sqp=-…RhlIEIoRjAP&rs=AOn4CLABYgNS-4Ov3_dZGGxbbqrovpayPQ",
        "videoID": "U89YuK4SD9E"
    },
    {
        "rank": "5",
        "title": "Supernova",
        "artist": "aespa",
        "imageURL": "https://i.ytimg.com/vi/phuiiNCxRMg/hq720.jpg?sqp=-…AFwAcABBg==&rs=AOn4CLB34lkFLsf-xquXFpt7ZPGFwGLn1g",
        "videoID": "phuiiNCxRMg"
    },
    {
        "rank": "6",
        "title": "친구",
        "artist": "안재욱",
        "imageURL": "https://i.ytimg.com/vi/LYbICWnw8d4/hqdefault.jpg?s…RhOIFQoZTAP&rs=AOn4CLCTAWQWHq_BN2GlcDxug0KApfQg6g",
        "videoID": "LYbICWnw8d4"
    },
    {
        "rank": "7",
        "title": "고민중독",
        "artist": "QWER",
        "imageURL": "https://i.ytimg.com/vi/ImuWa3SJulY/hq720.jpg?sqp=-…AFwAcABBg==&rs=AOn4CLCGJ_ofBscNiexp7Jt9P0GLEGJGPw",
        "videoID": "ImuWa3SJulY"
    },
    {
        "rank": "8",
        "title": "디스코드",
        "artist": "QWER",
        "imageURL": "https://i.ytimg.com/vi/WGm2HmXeeRI/hqdefault.jpg?s…AFwAcABBg==&rs=AOn4CLCeh1JumhpCDVvBz12ojJWtcN4h1w",
        "videoID": "WGm2HmXeeRI"
    },
    {
        "rank": "9",
        "title": "발자국",
        "artist": "먼데이키즈",
        "imageURL": "https://i.ytimg.com/vi/BEK9vOGAqXM/hq720.jpg?sqp=-…AFwAcABBg==&rs=AOn4CLD4r0csF0ZzsL2zaNpfFZpDh9W8RA",
        "videoID": "BEK9vOGAqXM"
    },
    {
        "rank": "10",
        "title": "운이좋았지",
        "artist": "권진아",
        "imageURL": "https://i.ytimg.com/vi/-Vh-IRzMwK0/hq720.jpg?sqp=-…RhyIFAoRjAP&rs=AOn4CLCvSwqTXexcjDBmsSMzgOaUMg4tNw",
        "videoID": "-Vh-IRzMwK0"
    },
    {
        "rank": "11",
        "title": "한 페이지가 될 수 있게",
        "artist": "DAY6",
        "imageURL": "https://i.ytimg.com/vi/oYvgISKD5Y8/hq720.jpg?sqp=-…RhlIE8oTzAP&rs=AOn4CLCFYj8jqXnHUG-ufMIEszBo-jugZw",
        "videoID": "oYvgISKD5Y8"
    },
    {
        "rank": "12",
        "title": "예뻤어",
        "artist": "DAY6",
        "imageURL": "https://i.ytimg.com/vi/Ejc__vhP2U8/hq720.jpg?sqp=-…RhjIGMoYzAP&rs=AOn4CLB0RedtUZXIDblcU9-_9PNyz5o9sA",
        "videoID": "Ejc__vhP2U8"
    },
    {
        "rank": "13",
        "title": "너를 생각해 - 주시크, 경서 듀엣ver.",
        "artist": "주시크",
        "imageURL": "https://i.ytimg.com/vi/cqD5T2A1HcA/hqdefault.jpg?s…AFwAcABBg==&rs=AOn4CLBhJvrneczZKRaCl-inHZNSBMC2lQ",
        "videoID": "cqD5T2A1HcA"
    },
    {
        "rank": "14",
        "title": "다정히 내 이름을 부르면",
        "artist": "경서예지 X 전건호",
        "imageURL": "https://i.ytimg.com/vi/b_6EfFZyBxY/hq720.jpg?sqp=-…AFwAcABBg==&rs=AOn4CLDwgLtMGfWeixUwintYiqv4aa-SzA",
        "videoID": "b_6EfFZyBxY"
    },
    {
        "rank": "15",
        "title": "그래서 그대는",
        "artist": "얀(Yarn)",
        "imageURL": "https://i.ytimg.com/vi/ok1782_PBaA/hq720.jpg?sqp=-…AFwAcABBg==&rs=AOn4CLDnDeHub2i8mE5lM_V8QWfDD5IuDw",
        "videoID": "ok1782_PBaA"
    },
    {
        "rank": "16",
        "title": "빙고",
        "artist": "거북이",
        "imageURL": "https://i.ytimg.com/vi/dRXqAYWZw_c/hq720.jpg?sqp=-…Rh_ICcoNDAP&rs=AOn4CLDk1Tf9aNKjynPN4wXROu72Ae1FdA",
        "videoID": "dRXqAYWZw_c"
    },
    {
        "rank": "17",
        "title": "우리의꿈",
        "artist": "코요태",
        "imageURL": "https://i.ytimg.com/vi/fT4RdQMrWvQ/hq720.jpg?sqp=-…RhlIFwoOjAP&rs=AOn4CLDhOBMfWit5MsPmsshgHbxtHdVGUQ",
        "videoID": "fT4RdQMrWvQ"
    },
    {
        "rank": "18",
        "title": "미안해",
        "artist": "양다일",
        "imageURL": "https://i.ytimg.com/vi/MprVB32JfA4/hq720.jpg?sqp=-…RhmIGYoZjAP&rs=AOn4CLCAMOwGCP8pSFXSdqOncW9IxyMwcg",
        "videoID": "MprVB32JfA4"
    },
    {
        "rank": "19",
        "title": "좋아 좋아",
        "artist": "조정석",
        "imageURL": "https://i.ytimg.com/vi/lp3XvkNGCXU/hqdefault.jpg?s…RhSIGUoZTAP&rs=AOn4CLDZ3V0WgY7zA0Pgsx2NxDCOzDVcGw",
        "videoID": "lp3XvkNGCXU"
    },
    {
        "rank": "20",
        "title": "아로하",
        "artist": "조정석",
        "imageURL": "https://i.ytimg.com/vi/boPnvWOTtgo/hq720.jpg?sqp=-…RhhIGEoYTAP&rs=AOn4CLDxPDOEB7QcAe_IYNe1K2pIsLfG8w",
        "videoID": "boPnvWOTtgo"
    },
    {
        "rank": "21",
        "title": "촛불하나",
        "artist": "god",
        "imageURL": "https://i.ytimg.com/vi/h_DnVzMrkkg/hq720.jpg?sqp=-…RhlIFYoPjAP&rs=AOn4CLBZUFwQefGDPp-Il0ZKWHxeXTOXaA",
        "videoID": "h_DnVzMrkkg"
    },
    {
        "rank": "22",
        "title": "Only You (My love X CHEEZE)",
        "artist": "여름날 우리 X CHEEZE (치즈)",
        "imageURL": "https://i.ytimg.com/vi/Z447_TS7nxk/hq720.jpg?sqp=-…AFwAcABBg==&rs=AOn4CLC6T8LraugdV61m85vN_xoOYyvH4A",
        "videoID": "Z447_TS7nxk"
    },
    {
        "rank": "23",
        "title": "사건의 지평선",
        "artist": "윤하(YOUNHA)",
        "imageURL": "https://i.ytimg.com/vi/BBdC1rl5sKY/hq720.jpg?sqp=-…AFwAcABBg==&rs=AOn4CLBiUaeRppqX_0RBqFYVCx2btiM38w",
        "videoID": "BBdC1rl5sKY"
    },
    {
        "rank": "24",
        "title": "우리 왜 헤어져야 해",
        "artist": "신예영",
        "imageURL": "https://i.ytimg.com/vi/FIdFoxVnGgE/hq720.jpg?sqp=-…AFwAcABBg==&rs=AOn4CLD8r196KlzxK2-oZ3NpRFDsbUmVIg",
        "videoID": "FIdFoxVnGgE"
    },
    {
        "rank": "25",
        "title": "전화 한 번 못하니",
        "artist": "신예영",
        "imageURL": "https://i.ytimg.com/vi/n-LezuGtBHo/hq720.jpg?sqp=-…AFwAcABBg==&rs=AOn4CLCwXzVIqZkCOTbHchEWD2EvFbzBdQ",
        "videoID": "LezuGtBHo"
    },
    {
        "rank": "26",
        "title": "넌 내가 보고 싶지 않나 봐",
        "artist": "신예영",
        "imageURL": "https://i.ytimg.com/vi/sQ9VfQ9tjaY/hq720.jpg?sqp=-…AFwAcABBg==&rs=AOn4CLCJUq6Xk0kGXspgSdJocDtHYlmgVg",
        "videoID": "sQ9VfQ9tjaY"
    },
    {
        "rank": "27",
        "title": "산책",
        "artist": "백예린(Yerin Baek)",
        "imageURL": "https://i.ytimg.com/vi/bJjcdw-w3Hs/hq720.jpg?sqp=-…RhOIFsoZTAP&rs=AOn4CLCKQrXviNcInNwp8xaiqQsfMa2d1Q",
        "videoID": "-Vh-IRzMwK0"
    },
    {
        "rank": "28",
        "title": "소나기 (선재 업고 튀어 OST Part 1)",
        "artist": "이클립스(ECLIPSE)",
        "imageURL": "https://i.ytimg.com/vi/0wHduLk0Obw/hq720.jpg?sqp=-…AFwAcABBg==&rs=AOn4CLDA8JkBAPuIaXcR-JMSD_YJyuBCEQ",
        "videoID": "0wHduLk0Obw"
    },
    {
        "rank": "29",
        "title": "'Armageddon' MV (Performance Ver.)",
        "artist": "aespa",
        "imageURL": "https://i.ytimg.com/vi/0nPniUvUBfU/hq720.jpg?sqp=-…AFwAcABBg==&rs=AOn4CLAbstYiWPwYd-g4Idnp9KEU_tsO0A",
        "videoID": "0nPniUvUBfU"
    },
    {
        "rank": "30",
        "title": "'Hype Boy' Official MV (DANIELLE&HAERIN ver.)",
        "artist": "뉴진스",
        "imageURL": "https://i.ytimg.com/vi/9wUKhEgnllc/hq720.jpg?sqp=-…AFwAcABBg==&rs=AOn4CLDXt6nCyokNewj9tvz39O18AEe93Q",
        "videoID": "9wUKhEgnllc"
    },
    {
        "rank": "31",
        "title": "취중고백 가로 Live Full ver.",
        "artist": "김민석 (멜로망스)",
        "imageURL": "https://i.ytimg.com/vi/VMQl78z1DiY/hq720.jpg?sqp=-…AFwAcABBg==&rs=AOn4CLAdjN2hSfUAeL5huDilk3djus5MEw",
        "videoID": "VMQl78z1DiY"
    },
    {
        "rank": "32",
        "title": "사랑인가 봐 [사내맞선 OST] [가사/Lyrics]",
        "artist": "멜로망스(Melomance)",
        "imageURL": "https://i.ytimg.com/vi/-Vh-IRzMwK0/hq720.jpg?sqp=-…RhyIFAoRjAP&rs=AOn4CLCvSwqTXexcjDBmsSMzgOaUMg4tNw",
        "videoID": "McidaTgrQB0"
    },
    {
        "rank": "33",
        "title": "선물 [가사/Lyrics]",
        "artist": "멜로망스(Melomance)",
        "imageURL": "https://i.ytimg.com/vi/wTCU8wOFq5E/hq720.jpg?sqp=-…RhPIGUoZTAP&rs=AOn4CLAGrInVzFGpx7Y2OzKzx1_Cm0NeBw",
        "videoID": "wTCU8wOFq5E"
    },
    {
        "rank": "34",
        "title": "부끄럼 [가사/Lyrics]",
        "artist": "멜로망스(Melomance)",
        "imageURL": "https://i.ytimg.com/vi/EWTVqf0c84I/hq720.jpg?sqp=-…Rh_ICkoSTAP&rs=AOn4CLAjmtDyufWULKwk4piB-K18-b45iw",
        "videoID": "EWTVqf0c84I"
    },
    {
        "rank": "35",
        "title": "소주 한 잔",
        "artist": "임창정",
        "imageURL": "https://i.ytimg.com/vi/57RdgpX8LD8/hq720.jpg?sqp=-…AFwAcABBg==&rs=AOn4CLAnvPm0xkg15l9k1Cz9Wt893l-c6Q",
        "videoID": "57RdgpX8LD8"
    },
    {
        "rank": "36",
        "title": " 'Sea of Love' MV",
        "artist": "FLY TO THE SKY",
        "imageURL": "https://i.ytimg.com/vi/zZbR2bBXD7o/hq720.jpg?sqp=-…AFwAcABBg==&rs=AOn4CLCPba_kgQFa31B2yFKy5p1yxYZUqg",
        "videoID": "zZbR2bBXD7o"
    },
    {
        "rank": "37",
        "title": "가슴 아파도 [패션 70s OST] [가사/Lyrics]",
        "artist": "FLY TO THE SKY",
        "imageURL": "https://i.ytimg.com/vi/evtnTNhVxT0/hq720.jpg?sqp=-…RhlIGQoNjAP&rs=AOn4CLA9OepJl3ejdl7qLp2qjkLaXL_F2g",
        "videoID": "evtnTNhVxT0"
    },
    {
        "rank": "38",
        "title": "남자답게 (Like a Man)",
        "artist": "FLY TO THE SKY",
        "imageURL": "https://i.ytimg.com/vi/ma3Zm0OjwSk/hqdefault.jpg?s…AFwAcABBg==&rs=AOn4CLD1JbTc7Z1J1p2TZPzFklI0ABrWtQ",
        "videoID": "ma3Zm0OjwSk"
    },
    {
        "rank": "39",
        "title": "'Missing You' MV",
        "artist": "FLY TO THE SKY",
        "imageURL": "https://i.ytimg.com/vi/hE8kr4UuTTQ/hq720.jpg?sqp=-…AFwAcABBg==&rs=AOn4CLA3vjm3BwQ5MDT6xruuIUh_zO3zlg",
        "videoID": "hE8kr4UuTTQ"
    },
    {
        "rank": "40",
        "title": "나의 X에게 [가사/Lyrics]",
        "artist": "경서",
        "imageURL": "https://i.ytimg.com/vi/OepIZvSXFoI/hq720.jpg?sqp=-…RgwIGEocjAP&rs=AOn4CLBFnAQqD6QcWZFas6Yymzs0S0RAig",
        "videoID": "OepIZvSXFoI"
    },
    {
        "rank": "41",
        "title": "헤픈 우연 (HAPPEN) | 가사",
        "artist": "헤이즈 (Heize)",
        "imageURL": "https://i.ytimg.com/vi/gH_ThJxfSqE/hq720.jpg?sqp=-…RheIF4oXjAP&rs=AOn4CLDb9f5SlDSSFSQN60Skv3LPVn-qGQ",
        "videoID": "gH_ThJxfSqE"
    },
    {
        "rank": "42",
        "title": "비도 오고 그래서 (Feat. 신용재) [가사/Lyrics]",
        "artist": "헤이즈 (Heize)",
        "imageURL": "https://i.ytimg.com/vi/aYDs3T-r__4/hq720.jpg?sqp=-…Rh_IDsoPTAP&rs=AOn4CLAz_wNOqP9smvYPnIXdxCNQDGnJXg",
        "videoID": "aYDs3T-r__4"
    },
    {
        "rank": "43",
        "title": "'CAKE' Lyrics (있지 CAKE 가사)",
        "artist": "ITZY",
        "imageURL": "https://i.ytimg.com/vi/nj_-HbXFM8Y/hq720.jpg?sqp=-…AFwAcABBg==&rs=AOn4CLBsBFQ3nOuIvnYBEVp4CJ-UeYA5aw",
        "videoID": "nj_-HbXFM8Y"
    },
    {
        "rank": "44",
        "title": "사랑했었다 (Still love you) MUSIC VIDEO",
        "artist": "이홍기,유회승",
        "imageURL": "https://i.ytimg.com/vi/50TvhCxOyIc/hq720.jpg?sqp=-…AFwAcABBg==&rs=AOn4CLDJE9XBtGkwbyhrQ-EIuuYqiYHgzA",
        "videoID": "50TvhCxOyIc"
    },
    {
        "rank": "45",
        "title": "나무 (Tree) | 가사",
        "artist": "카더가든 (Car, the garden)",
        "imageURL": "https://i.ytimg.com/vi/a95yyxexgJo/hq720.jpg?sqp=-…RhlIF4oVTAP&rs=AOn4CLARnsVy4zPig8Y0jLd7d4YUy3l8Cg",
        "videoID": "a95yyxexgJo"
    },
    {
        "rank": "46",
        "title": "목요일 밤 (Feat. 빈지노)",
        "artist": "어반 자카파",
        "imageURL": "https://i.ytimg.com/vi/vNx1pg7PLzw/hq720.jpg?sqp=-…AFwAcABBg==&rs=AOn4CLCuuAVJqmaI-xSSwZg0lCxbCYHdZQ",
        "videoID": "vNx1pg7PLzw"
    },
    {
        "rank": "47",
        "title": " Aqua Man (아쿠아맨)",
        "artist": "빈지노 (Beenzino)",
        "imageURL": "https://i.ytimg.com/vi/Y0V_Pjfs9ew/hq720.jpg?sqp=-…RhyIFMoMzAP&rs=AOn4CLB1jta5heS-DJttrJQpQGyk2SJs-w",
        "videoID": "Y0V_Pjfs9ew"
    },
    {
        "rank": "48",
        "title": "How Do I Look? M/V",
        "artist": "빈지노 (Beenzino)",
        "imageURL": "https://i.ytimg.com/vi/E9Ekue2b31w/hq720.jpg?sqp=-…RhlIFkoTDAP&rs=AOn4CLDgCaJ9cuhDMbOJ-x-rA-XypKDTfg",
        "videoID": "E9Ekue2b31w"
    },
    {
        "rank": "49",
        "title": "Bye bye my blue M/V",
        "artist": "백예린",
        "imageURL": "https://i.ytimg.com/vi/WbhK3wMXluE/hqdefault.jpg?s…AFwAcABBg==&rs=AOn4CLCwN_6IWzwnN1OxofmLAEI1x9Ku1w",
        "videoID": "WbhK3wMXluE"
    },
    {
        "rank": "50",
        "title": "'WINE/If I Get Drunk Today (오늘 취하면)'",
        "artist": "SURAN (수란) ft. Changmo (창모)",
        "imageURL": "https://i.ytimg.com/vi/MHmKx-QFIr4/hq720.jpg?sqp=-…AFwAcABBg==&rs=AOn4CLBunk62eTGOqSIGiroHIGe4yHTN7A",
        "videoID": "MHmKx-QFIr4"
    }
]