[
    {
        "rank": "1",
        "title": "Supernova",
        "artist": "aespa(에스파)",
        "imageURL": "https://i.ytimg.com/vi/ulMzXgPmPhY/hqdefault.jpg",
        "videoID": "ulMzXgPmPhY"
    },
    {
        "rank": "2",
        "title": "봄눈 ",
        "artist": "10cm",
        "imageURL": "https://i.ytimg.com/vi/RLODP2xmu7s/hqdefault.jpg",
        "videoID": "RLODP2xmu7s"
    },
    {
        "rank": "3",
        "title": "を伝えたいだとか (사랑을 전하고 싶다든가)",
        "artist": "あいみょん (아이묭)",
        "imageURL": "https://i.ytimg.com/vi/Fn2wG9LOEeU/hqdefault.jpg",
        "videoID": "Fn2wG9LOEeU"
    },
    {
        "rank": "4",
        "title": "QWER - 고민중독",
        "artist": "QWER",
        "imageURL": "https://i.ytimg.com/vi/hFTs6HbtxbE/hqdefault.jpg",
        "videoID": "hFTs6HbtxbE"
    },
    {
        "rank": "5",
        "title": "Girls Never Die",
        "artist": "tripleS (트리플에스)",
        "imageURL": "https://i.ytimg.com/vi/CH3dOxRoDrg/hqdefault.jpg",
        "videoID": "CH3dOxRoDrg"
    },
    {
        "rank": "6",
        "title": "나는 아픈 건 딱 질색이니까",
        "artist": "(여자)아이들",
        "imageURL": "https://i.ytimg.com/vi/kWmcsY7WmpU/hqdefault.jpg",
        "videoID": "kWmcsY7WmpU"
    },
    {
        "rank": "7",
        "title": "베텔기우스(BETELGEUSE)",
        "artist": "유우리",
        "imageURL": "https://i.ytimg.com/vi/bkVp-B-wDH4/maxresdefault.jpg",
        "videoID": "bkVp-B-wDH4"
    },
    {
        "rank": "8",
        "title": "Unravel",
        "artist": "도쿄구울",
        "imageURL": "https://i.ytimg.com/vi/fNxN5-jeoJ0/hqdefault.jpg",
        "videoID": "fNxN5-jeoJ0"
    },
    {
        "rank": "9",
        "title": "TimeFeveR(타임피버) '동창회 MEGA MIX (feat. 차진혁, 모요, Yyeon, 강한국, 담영, XIN, 필로, 쿤타, Blue.D)'",
        "artist": "TimeFeveR(타임피버)",
        "imageURL": "https://i.ytimg.com/vi/Uk8SWL1IK2Q/hqdefault.jpg",
        "videoID": "Uk8SWL1IK2Q"
    },
    {
        "rank": "10",
        "title": "종로에서 (at jongro",
        "artist": "Mew (미유)",
        "imageURL": "https://i.ytimg.com/vi/aDXldRJI3FE/hqdefault.jpg",
        "videoID": "aDXldRJI3FE"
    },
    {
        "rank": "11",
        "title": "Square (2017)",
        "artist": "백예린",
        "imageURL": "https://i.ytimg.com/vi/_ZkUb7iIOqQ/hqdefault.jpg",
        "videoID": "_ZkUb7iIOqQ"
    },
    {
        "rank": "12",
        "title": "그건 아마 우리의 잘못은 아닐 거야 (Maybe It's Not Our Fault)",
        "artist": "백예린",
        "imageURL": "https://i.ytimg.com/vi/Z8E0apklL2w/hqdefault.jpg",
        "videoID": "Z8E0apklL2w"
    },
    {
        "rank": "13",
        "title": "Boat",
        "artist": "죠지",
        "imageURL": "https://i.ytimg.com/vi/vm3T2sdeIOY/hqdefault.jpg",
        "videoID": "vm3T2sdeIOY"
    },
    {
        "rank": "14",
        "title": "Hide and seek",
        "artist": "JAEHA(재하)",
        "imageURL": "https://i.ytimg.com/vi/UP3rbxHpqaA/hqdefault.jpg",
        "videoID": "UP3rbxHpqaA"
    },
    {
        "rank": "15",
        "title": "파랗게",
        "artist": "WOODZ",
        "imageURL": "https://i.ytimg.com/vi/qwBm9sdwNz4/hqdefault.jpg",
        "videoID": "qwBm9sdwNz4"
    },
    {
        "rank": "16",
        "title": "Summer (Feat. 비오)",
        "artist": "Paul Blanco",
        "imageURL": "https://i.ytimg.com/vi/MYZXUJ-BG-Q/hqdefault.jpg",
        "videoID": "MYZXUJ-BG-Q"
    },
    {
        "rank": "17",
        "title": "ANL",
        "artist": "NCT DREAM",
        "imageURL": "https://i.ytimg.com/vi/rNi8tu7hpcQ/hqdefault.jpg",
        "videoID": "rNi8tu7hpcQ"
    },
    {
        "rank": "18",
        "title": "방백 (Aside)",
        "artist": "SHINee",
        "imageURL": "https://i.ytimg.com/vi/k3WQTfJFnYs/hqdefault.jpg",
        "videoID": "k3WQTfJFnYs"
    },
    {
        "rank": "19",
        "title": "Bye My Monster",
        "artist": "ONF",
        "imageURL": "https://i.ytimg.com/vi/pumygjhB3cI/hqdefault.jpg",
        "videoID": "pumygjhB3cI"
    },
    {
        "rank": "20",
        "title": "Blue Moon",
        "artist": "N.Flying(엔플라잉)",
        "imageURL": "https://i.ytimg.com/vi/AFaTDcn9LbY/hqdefault.jpg",
        "videoID": "AFaTDcn9LbY"
    },
    {
        "rank": "21",
        "title": "Parting (소행성)",
        "artist": "ONEWE(원위)",
        "imageURL": "https://i.ytimg.com/vi/CI2jytCXNqE/hqdefault.jpg",
        "videoID": "CI2jytCXNqE"
    },
    {
        "rank": "22",
        "title": "Veronica (베로니카의 섬)",
        "artist": "ONEWE(원위)",
        "imageURL": "https://i.ytimg.com/vi/WOP2ERXxv20/hqdefault.jpg",
        "videoID": "WOP2ERXxv20"
    },
    {
        "rank": "23",
        "title": "밤이라서 하는 말 (Feat. Jozu)",
        "artist": "정바스",
        "imageURL": "https://i.ytimg.com/vi/swHtPo4rQ6s/hqdefault.jpg",
        "videoID": "swHtPo4rQ6s"
    },
    {
        "rank": "24",
        "title": "너의 바다 (Your Ocean)",
        "artist": "Hoppipolla(호피폴라)",
        "imageURL": "https://i.ytimg.com/vi/-QvQNuULr1s/hqdefault.jpg",
        "videoID": "-QvQNuULr1s"
    },
    {
        "rank": "25",
        "title": "DM",
        "artist": "fromis_9(프로미스나인)",
        "imageURL": "https://i.ytimg.com/vi/QT60l6MSoz8/hqdefault.jpg",
        "videoID": "QT60l6MSoz8"
    },
    {
        "rank": "26",
        "title": "Stay This Way",
        "artist": "fromis_9(프로미스나인)",
        "imageURL": "https://i.ytimg.com/vi/1UJCm2ZzrnE/hqdefault.jpg",
        "videoID": "1UJCm2ZzrnE"
    },
    {
        "rank": "27",
        "title": "I Wish (너에게 닿기를)",
        "artist": "우주소녀",
        "imageURL": "https://i.ytimg.com/vi/ZgicJ_fQelE/hqdefault.jpg",
        "videoID": "ZgicJ_fQelE"
    },
    {
        "rank": "28",
        "title": "PLAY (놀이)",
        "artist": "LUCY",
        "imageURL": "https://i.ytimg.com/vi/fit0LpVC3sY/hqdefault.jpg",
        "videoID": "fit0LpVC3sY"
    },
    {
        "rank": "29",
        "title": "Drive",
        "artist": "미연((G)I-DLE)",
        "imageURL": "https://i.ytimg.com/vi/F_mMkeYQOMs/hqdefault.jpg",
        "videoID": "F_mMkeYQOMs"
    },
    {
        "rank": "30",
        "title": "Hello Future",
        "artist": "NCT DREAM",
        "imageURL": "https://i.ytimg.com/vi/UpeUA9rtAJk/hqdefault.jpg",
        "videoID": "UpeUA9rtAJk"
    },
    {
        "rank": "31",
        "title": "Event Horizon (사건의 지평선)",
        "artist": "윤하",
        "imageURL": "https://i.ytimg.com/vi/j1uXcHwLhHM/hqdefault.jpg",
        "videoID": "j1uXcHwLhHM"
    },
    {
        "rank": "32",
        "title": "Oort Cloud (오르트구름)",
        "artist": "윤하",
        "imageURL": "https://i.ytimg.com/vi/58IEh6YkuzQ/hqdefault.jpg",
        "videoID": "58IEh6YkuzQ"
    },
    {
        "rank": "33",
        "title": "Parade",
        "artist": "윤하",
        "imageURL": "https://i.ytimg.com/vi/BoTVJvvXNnc/hqdefault.jpg",
        "videoID": "BoTVJvvXNnc"
    },
    {
        "rank": "34",
        "title": "strawberry moon",
        "artist": "IU(아이유)",
        "imageURL": "https://i.ytimg.com/vi/Kevp2lFKSOg/hqdefault.jpg",
        "videoID": "Kevp2lFKSOg"
    },
    {
        "rank": "35",
        "title": "Good Luck to You (행운을 빌어요)",
        "artist": "Peppertones(페퍼톤스)",
        "imageURL": "https://i.ytimg.com/vi/x_Y_TWbRWCA/hqdefault.jpg",
        "videoID": "x_Y_TWbRWCA"
    },
    {
        "rank": "36",
        "title": "WAVE",
        "artist": "ATEEZ(에이티즈)",
        "imageURL": "https://i.ytimg.com/vi/4ij_kNqvhUA/hqdefault.jpg",
        "videoID": "4ij_kNqvhUA"
    },
    {
        "rank": "37",
        "title": "Strawberry Cake",
        "artist": "Xdinary Heroes",
        "imageURL": "https://i.ytimg.com/vi/atWpuwRcMoc/hqdefault.jpg",
        "videoID": "atWpuwRcMoc"
    },
    {
        "rank": "38",
        "title": "BERMUDA TRIANGLE (Feat. Crush, DEAN)",
        "artist": "ZICO(지코)",
        "imageURL": "https://i.ytimg.com/vi/KN8aPkyH0jE/hqdefault.jpg",
        "videoID": "KN8aPkyH0jE"
    },
    {
        "rank": "39",
        "title": "Born Hater (ft. Beenzino, Verbal Jint, B.I, Mino, Bobby)",
        "artist": "EPIK HIGH(에픽하이)",
        "imageURL": "https://i.ytimg.com/vi/_WfT-Azay-E/hqdefault.jpg",
        "videoID": "_WfT-Azay-E"
    },
    {
        "rank": "40",
        "title": "회전목마 (Feat. Zion.T, Wonstein)",
        "artist": "sokodomo(소코도모)",
        "imageURL": "https://i.ytimg.com/vi/3laLavGghc0/hqdefault.jpg",
        "videoID": "3laLavGghc0"
    },
    {
        "rank": "41",
        "title": "마에스트로",
        "artist": "CHANGMO(창모)",
        "imageURL": "https://i.ytimg.com/vi/YyMUqbK5RZ0/hqdefault.jpg",
        "videoID": "YyMUqbK5RZ0"
    },
    {
        "rank": "42",
        "title": "Martini Blue",
        "artist": "DPR LIVE",
        "imageURL": "https://i.ytimg.com/vi/UDyPp9bkfD0/hqdefault.jpg",
        "videoID": "UDyPp9bkfD0"
    },
    {
        "rank": "43",
        "title": "Jasmine",
        "artist": "DPR LIVE",
        "imageURL": "https://i.ytimg.com/vi/a6MCQ8KGZ-8/hqdefault.jpg",
        "videoID": "a6MCQ8KGZ-8"
    },
    {
        "rank": "44",
        "title": "Love story",
        "artist": "볼빨간 사춘기",
        "imageURL": "https://i.ytimg.com/vi/WelKAFjKnDE/hqdefault.jpg",
        "videoID": "WelKAFjKnDE"
    },
    {
        "rank": "45",
        "title": "고래 (Dive Into You)",
        "artist": "NCT DREAM",
        "imageURL": "https://i.ytimg.com/vi/hlrP9GXTx84/hqdefault.jpg",
        "videoID": "hlrP9GXTx84"
    },
    {
        "rank": "46",
        "title": "후라이의 꿈 (Fry's Dream)",
        "artist": "AKMU",
        "imageURL": "https://i.ytimg.com/vi/ZlDDiHK4tQM/hqdefault.jpg",
        "videoID": "ZlDDiHK4tQM"
    },
    {
        "rank": "47",
        "title": "YOU AND I",
        "artist": "dori",
        "imageURL": "https://i.ytimg.com/vi/Y3sHqs4CoEY/hqdefault.jpg",
        "videoID": "Y3sHqs4CoEY"
    },
    {
        "rank": "48",
        "title": "무지개 (Rainbow)",
        "artist": "Hon'z(혼즈)",
        "imageURL": "https://i.ytimg.com/vi/wxRxZGsjGG0/hqdefault.jpg",
        "videoID": "wxRxZGsjGG0"
    },
    {
        "rank": "49",
        "title": "거짓말처럼 (don't leave me)",
        "artist": "TOIL & Gist",
        "imageURL": "https://i.ytimg.com/vi/0BDoqTWFL8U/hqdefault.jpg",
        "videoID": "0BDoqTWFL8U"
    },
    {
        "rank": "50",
        "title": "소용돌이",
        "artist": "SEVENTEEN(세븐틴)",
        "imageURL": "https://i.ytimg.com/vi/7q9Ubv3othc/hqdefault.jpg",
        "videoID": "7q9Ubv3othc"
    }
]