[
    {
        "rank": "1",
        "title": "첫 만남은 계획대로 되지 않아",
        "artist": "TWS",
        "imageURL": "https://i.ytimg.com/vi/bKeU99EygzY/hqdefault.jpg?sqp=-oaymwEbCKgBEF5IVfKriqkDDggBFQAAiEIYAXABwAEG&rs=AOn4CLAMdut8EB-4C5W5O22qG5wjrpcqag",
        "videoID": "bKeU99EygzY"
    },
    {
        "rank": "2",
        "title": "이무진 (LEE MU JIN) - '과제곡 (교수님 죄송합니다)' Live Clip",
        "artist": "이무진 LEE MU JIN",
        "imageURL": "https://i.ytimg.com/vi/8-WyRoaQwZM/hq720.jpg?sqp=-oaymwEcCNAFEJQDSFXyq4qpAw4IARUAAIhCGAFwAcABBg==&rs=AOn4CLD-IVu92rLTrj-4SQbfuJea7xfQ0w",
        "videoID": "8-WyRoaQwZM"
    },
    {
        "rank": "3",
        "title": "🔥탑건: 매버릭OST| 탑건 해변가 그 노래 : OneRepublic - I Ain’t Worried [가사/해석/번역/lyrics]",
        "artist": "쏘플 soso playlist",
        "imageURL": "https://i.ytimg.com/vi/INak4ORss18/hqdefault.jpg?sqp=-oaymwEbCKgBEF5IVfKriqkDDggBFQAAiEIYAXABwAEG&rs=AOn4CLCVsTignnovIrZLoWhdg7tMLa2gfQ",
        "videoID": "INak4ORss18"
    },
    {
        "rank": "4",
        "title": "행복해지는 엘리멘탈 OST🔥💦: Lauv - Steal The Show [가사/해석/lyrics]",
        "artist": "때잉",
        "imageURL": "https://i.ytimg.com/vi/AJsvGtGgI6M/hqdefault.jpg?sqp=-oaymwEbCKgBEF5IVfKriqkDDggBFQAAiEIYAXABwAEG&rs=AOn4CLBzsOgvjOUcQwJOpRtWXQVC9sIUqg",
        "videoID": "AJsvGtGgI6M"
    },
    {
        "rank": "5",
        "title": "🌈수많은 사람들의 인생을 바꿔준 가사 : Charlie Puth(찰리 푸스) - Left Right Left [가사/해석/번역/lyrics]",
        "artist": "쏘플 soso playlist",
        "imageURL": "https://i.ytimg.com/vi/1emgue_aRGo/hqdefault.jpg?sqp=-oaymwEbCKgBEF5IVfKriqkDDggBFQAAiEIYAXABwAEG&rs=AOn4CLCNSVpwxaK_cWyD9h3EbQCl2E3gLw",
        "videoID": "1emgue_aRGo"
    },
    {
        "rank": "6",
        "title": "행복하진 않은데, 그렇다고 죽고 싶은 건 아니고🐛 𝙴𝚖 𝙱𝚎𝚒𝚑𝚘𝚕𝚍 - 𝙽𝚞𝚖𝚋 𝙻𝚒𝚝𝚝𝚕𝚎 𝙱𝚞𝚐 [가사/해석/lyrics]",
        "artist": "때잉",
        "imageURL": "https://i.ytimg.com/vi/FbpzrymWpT8/hqdefault.jpg?sqp=-oaymwEbCKgBEF5IVfKriqkDDggBFQAAiEIYAXABwAEG&rs=AOn4CLDJOdn1MqQJ2QHnfNz6sarPVa-bhg",
        "videoID": "FbpzrymWpT8"
    },
    {
        "rank": "7",
        "title": "🐰힘들어도 뭐든 다 해볼거야🦊 : 𝗧𝗿𝘆 𝗘𝘃𝗲𝗿𝘆𝘁𝗵𝗶𝗻𝗴 (ft. Shakira)가사해석",
        "artist": "제이치",
        "imageURL": "https://i.ytimg.com/vi/mipIdvWyGZA/hqdefault.jpg?sqp=-oaymwEbCKgBEF5IVfKriqkDDggBFQAAiEIYAXABwAEG&rs=AOn4CLA5iBqMLZxcv9gVCkmaIWLOKtq6sw",
        "videoID": "mipIdvWyGZA"
    },
    {
        "rank": "8",
        "title": "💌짝사랑 해본 사람만 느끼는 감정 : 딘딘 (DINDIN) - 이러면 안 될 거 아는데 너 앞에만 서면 나락 [가사/해석/lyrics]",
        "artist": "트렌디 TRENDY",
        "imageURL": "https://i.ytimg.com/vi/dLOJR_9xURM/hqdefault.jpg?sqp=-oaymwEbCKgBEF5IVfKriqkDDggBFQAAiEIYAXABwAEG&rs=AOn4CLDCLT_k0DD0PSWjmb_O0lHPYbLi0w",
        "videoID": "dLOJR_9xURM"
    },
    {
        "rank": "9",
        "title": "❤️‍🔥새해마다 꼭 들어줘야 하는 노래 : Panic! At The Disco - High Hopes [가사/해석/번역/lyrics]",
        "artist": "쏘플 soso playlist",
        "imageURL": "https://i.ytimg.com/vi/0V3LwNtZxM4/hqdefault.jpg?sqp=-oaymwEbCKgBEF5IVfKriqkDDggBFQAAiEIYAXABwAEG&rs=AOn4CLCgnJhHzzcQD1hghZAeiUt5R0ia0w",
        "videoID": "0V3LwNtZxM4"
    },
    {
        "rank": "10",
        "title": "💖 자존감 200% 풀충전해주는 노래 | 𝗠𝗲𝗴𝗵𝗮𝗻 𝗧𝗿𝗮𝗶𝗻𝗼𝗿 - 𝗠𝗲 𝗧𝗼𝗼 (한글 가사/해석/자막/lyrics)",
        "artist": "딘또",
        "imageURL": "https://i.ytimg.com/vi/-Xsk0T0z2qo/hqdefault.jpg?sqp=-oaymwEbCKgBEF5IVfKriqkDDggBFQAAiEIYAXABwAEG&rs=AOn4CLC-TZF5ij1kPNev1YdXRDMHHRwKGg",
        "videoID": "-Xsk0T0z2qo"
    },
    {
        "rank": "11",
        "title": "🚨챌린지로 역주행중인 선장의 노래 : Nathan Evans - Wellerman (Sea Shanty) [가사/해석/번역/lyrics]",
        "artist": "쏘플 soso playlist",
        "imageURL": "https://i.ytimg.com/vi/INHZQf_1FAA/hqdefault.jpg?sqp=-oaymwEbCKgBEF5IVfKriqkDDggBFQAAiEIYAXABwAEG&rs=AOn4CLAoEb8T7X710IEM2p89yszZz7xEtQ",
        "videoID": "INHZQf_1FAA"
    },
    {
        "rank": "12",
        "title": "💗요즘 무섭게 떡상중인 노래 : (여자)아이들((G)I-DLE) - Allergy [가사/해석/한국어/lyrics]",
        "artist": "쏘플 soso playlist",
        "imageURL": "https://i.ytimg.com/vi/cDha3p7JY5s/hqdefault.jpg?sqp=-oaymwEbCKgBEF5IVfKriqkDDggBFQAAiEIYAXABwAEG&rs=AOn4CLASFWluBhUZQV0jkeHyatjXARY6Pg",
        "videoID": "cDha3p7JY5s"
    },
    {
        "rank": "13",
        "title": "📻놀랍게도 작년에 나온 띵곡, 𝑺𝒕𝒆𝒑𝒉𝒆𝒏 𝑺𝒂𝒏𝒄𝒉𝒆𝒛 - 𝑼𝒏𝒕𝒊𝒍 𝑰 𝑭𝒐𝒖𝒏𝒅 𝒀𝒐𝒖 [가사/해석/lyrics]",
        "artist": "때잉",
        "imageURL": "https://i.ytimg.com/vi/vp54er7Zsy4/hqdefault.jpg?sqp=-oaymwEbCKgBEF5IVfKriqkDDggBFQAAiEIYAXABwAEG&rs=AOn4CLBs8EuES-DdGTpsY0QlgTajNlhGGw",
        "videoID": "vp54er7Zsy4"
    },
    {
        "rank": "14",
        "title": "틱톡그노래🔥| 답답한 내 짝사랑 소꿉친구에게: Stacey Ryan - Fall In Love Alone (2022) [가사해석/번역]",
        "artist": "직키(Zickii)",
        "imageURL": "https://i.ytimg.com/vi/Zzj1i1U65w4/hqdefault.jpg?sqp=-oaymwEbCKgBEF5IVfKriqkDDggBFQAAiEIYAXABwAEG&rs=AOn4CLCWEPIs8nkV-XbAUCVvzMlvaJM_xw",
        "videoID": "Zzj1i1U65w4"
    },
    {
        "rank": "15",
        "title": "💥내 자존감에 시동 걸어주는 노래 | Katy Perry (케이티 페리) - Roar (가사/해석/lyrics)",
        "artist": "도플리 ᴅᴏʙʙʏ's ᴘʟᴀʏʟɪsᴛ",
        "imageURL": "https://i.ytimg.com/vi/cMUVtdxWfi4/hqdefault.jpg?sqp=-oaymwEbCKgBEF5IVfKriqkDDggBFQAAiEIYAXABwAEG&rs=AOn4CLDSNofl0mjqLA0DMaRnWa5byG5X1Q",
        "videoID": "cMUVtdxWfi4"
    },
    {
        "rank": "16",
        "title": "✨누군가를 진심으로 사랑하게 된다면 : Lukas Graham - Love Someone [가사/해석/번역/lyrics]",
        "artist": "쏘플 soso playlist",
        "imageURL": "https://i.ytimg.com/vi/XiX1EPARpPE/hqdefault.jpg?sqp=-oaymwEbCKgBEF5IVfKriqkDDggBFQAAiEIYAXABwAEG&rs=AOn4CLD48gKQUV0K0YCXGuxEfer88SaPtg",
        "videoID": "XiX1EPARpPE"
    },
    {
        "rank": "17",
        "title": "🔥자존감이 필요할 때 : Avril Lavigne - What The Hell (가사/해석/번역/lyrics)",
        "artist": "쏘플 soso playlist",
        "imageURL": "https://i.ytimg.com/vi/sWUGnIu6SwU/hqdefault.jpg?sqp=-oaymwEbCKgBEF5IVfKriqkDDggBFQAAiEIYAXABwAEG&rs=AOn4CLDjebyiqr_tgyTiIQlP38VZ8DTBJg",
        "videoID": "sWUGnIu6SwU"
    },
    {
        "rank": "18",
        "title": "💙 여름과 하이틴을 동시에 느끼고 싶다면 | One Direction - Kiss You 💋 (한글 가사/해석/자막/lyrics)",
        "artist": "딘또",
        "imageURL": "https://i.ytimg.com/vi/-nPxXDUp818/hqdefault.jpg?sqp=-oaymwEbCKgBEF5IVfKriqkDDggBFQAAiEIYAXABwAEG&rs=AOn4CLAWynnkJjjGaMQri_nh_YGMAJSRJg",
        "videoID": "-nPxXDUp818"
    },
    {
        "rank": "19",
        "title": "🍀시작부터 ㄹㅇ 취향 : 𝗡𝗘𝗜𝗞𝗘𝗗, 𝗠𝗮𝗲 𝗠𝘂𝗹𝗹𝗲𝗿, 𝗣𝗼𝗹𝗼 𝗚 - 𝗕𝗲𝘁𝘁𝗲𝗿 𝗗𝗮𝘆𝘀 [가사/해석/lyrics]",
        "artist": "때잉",
        "imageURL": "https://i.ytimg.com/vi/R9l-bptVxCw/hqdefault.jpg?sqp=-oaymwEbCKgBEF5IVfKriqkDDggBFQAAiEIYAXABwAEG&rs=AOn4CLA_BEkrVdrN9xbyoJnZVsYCMuDVRA",
        "videoID": "R9l-bptVxCw"
    },
    {
        "rank": "20",
        "title": "flutter (봄이야)",
        "artist": "경서",
        "imageURL": "https://i.ytimg.com/vi/l-ZJLSMK0ic/hqdefault.jpg?sqp=-oaymwEbCKgBEF5IVfKriqkDDggBFQAAiEIYAXABwAEG&rs=AOn4CLAeJA-z_AGMHl1ZQK6wZdKw4-wHzg",
        "videoID": "MQvGxUB-AlY"
    },
    {
        "rank": "21",
        "title": "120BPM (첫 키스에 내 심장은 120BPM)",
        "artist": "경서",
        "imageURL": "https://i.ytimg.com/vi/kp-gVJ7XJV4/hqdefault.jpg?sqp=-oaymwEbCKgBEF5IVfKriqkDDggBFQAAiEIYAXABwAEG&rs=AOn4CLAVTrCOoKTa4ptRBL-K5Aj6YVjGYQ",
        "videoID": "bqG_Ckci5l0"
    },
    {
        "rank": "22",
        "title": "Waiting For Love",
        "artist": "Avicii",
        "imageURL": "https://i.ytimg.com/vi/iR1sAex__VA/hqdefault.jpg?sqp=-oaymwEbCKgBEF5IVfKriqkDDggBFQAAiEIYAXABwAEG&rs=AOn4CLCGuBDMA0t54uXBk1nTAfM4MH8_Lg",
        "videoID": "cHHLHGNpCSA"
    },
    {
        "rank": "23",
        "title": "Candy",
        "artist": "SMTOWN",
        "imageURL": "https://i.ytimg.com/vi/zuoSn3ObMz4/hq720.jpg?sqp=-oaymwEcCNAFEJQDSFXyq4qpAw4IARUAAIhCGAFwAcABBg==&rs=AOn4CLAcmBKiwI2_tEinLvlIZzXypHMWjw",
        "videoID": "zuoSn3ObMz4"
    },
    {
        "rank": "24",
        "title": "SEVENTEEN (세븐틴) '음악의 신' Official MV",
        "artist": "HYBE LABELS",
        "imageURL": "https://i.ytimg.com/vi/zSQ48zyWZrY/hq720.jpg?sqp=-oaymwEcCNAFEJQDSFXyq4qpAw4IARUAAIhCGAFwAcABBg==&rs=AOn4CLDwg4xredvKF_jVAIhlFhytlFA_Kw",
        "videoID": "zSQ48zyWZrY"
    },
    {
        "rank": "25",
        "title": "[MV] QWER _ T.B.H(고민중독)",
        "artist": "1theK (원더케이)",
        "imageURL": "https://i.ytimg.com/vi/phsDrsw-tzc/hq720.jpg?sqp=-oaymwEcCNAFEJQDSFXyq4qpAw4IARUAAIhCGAFwAcABBg==&rs=AOn4CLBGp8KG3NyuFY8zL4sCpxTCSsM2pA",
        "videoID": "phsDrsw-tzc"
    },
    {
        "rank": "26",
        "title": "fromis_9 (프로미스나인) 'DM' Official MV",
        "artist": "HYBE LABELS",
        "imageURL": "https://i.ytimg.com/vi/4gXmClk8rKI/hq720.jpg?sqp=-oaymwEcCNAFEJQDSFXyq4qpAw4IARUAAIhCGAFwAcABBg==&rs=AOn4CLDrs210c8jcpTUEpz2WHtbgR_ehsw",
        "videoID": "4gXmClk8rKI"
    },
    {
        "rank": "27",
        "title": "NewJeans (뉴진스) ‘How Sweet’ Performance Video | Coke Studio",
        "artist": "NewJeans",
        "imageURL": "https://i.ytimg.com/vi/Ec0Z1v7jKDQ/hq720.jpg?sqp=-oaymwEcCNAFEJQDSFXyq4qpAw4IARUAAIhCGAFwAcABBg==&rs=AOn4CLBi1w9A28tI9qfoo8_aCtKfGn6ZpQ",
        "videoID": "Ec0Z1v7jKDQ"
    },
    {
        "rank": "28",
        "title": "IVE 아이브 '해야 (HEYA)' MV",
        "artist": "STARSHIP",
        "imageURL": "https://i.ytimg.com/vi/07EzMbVH3QE/hq720.jpg?sqp=-oaymwEcCNAFEJQDSFXyq4qpAw4IARUAAIhCGAFwAcABBg==&rs=AOn4CLDf0_SzwMyAYJvVn6VfvF6fOXpyNA",
        "videoID": "07EzMbVH3QE"
    },
    {
        "rank": "29",
        "title": "ILLIT (아일릿) 'Lucky Girl Syndrome' Official MV",
        "artist": "HYBE LABELS",
        "imageURL": "https://i.ytimg.com/vi/UCmgGZbfjmk/hqdefault.jpg?sqp=-oaymwEbCKgBEF5IVfKriqkDDggBFQAAiEIYAXABwAEG&rs=AOn4CLArNWolcySqU6S9X-oVI7SmUllXfA",
        "videoID": "UCmgGZbfjmk"
    },
    {
        "rank": "30",
        "title": "(여자)아이들((G)I-DLE) - '나는 아픈 건 딱 질색이니까(Fate)' LIVE CLIP",
        "artist": "(G)I-DLE (여자)아이들 (Official YouTube Channel)",
        "imageURL": "https://i.ytimg.com/vi/ATK7gAaZTOM/hq720.jpg?sqp=-oaymwEcCNAFEJQDSFXyq4qpAw4IARUAAIhCGAFwAcABBg==&rs=AOn4CLBpcGINyJ4TX0JVbwg_JLpis-OqDg",
        "videoID": "ATK7gAaZTOM"
    }
]