[
    {
        "rank": "1",
        "title": "yours",
        "artist": "Damons year",
        "imageURL": "https://i.ytimg.com/vi/dgZlLjfh6q4/hqdefault.jpg",
        "videoID": "dgZlLjfh6q4"
    },
    {
        "rank": "2",
        "title": "Auburn (HEADACHE. Version)",
        "artist": "Damons year",
        "imageURL": "https://i.ytimg.com/vi/w5JJuNtY0WA/hq720.jpg",
        "videoID": "w5JJuNtY0WA"
    },
    {
        "rank": "3",
        "title": "Sunny (살아내기)",
        "artist": "Kim Hyunchang",
        "imageURL": "https://i.ytimg.com/vi/hP70WRk75sA/hq720.jpg",
        "videoID": "hP70WRk75sA"
    },
    {
        "rank": "4",
        "title": "No One Told Me Why",
        "artist": "ALEPH",
        "imageURL": "https://i.ytimg.com/vi/Z4oA8OmHOb8/hq720.jpg",
        "videoID": "Z4oA8OmHOb8"
    },
    {
        "rank": "5",
        "title": "Wind Wishes",
        "artist": "ALEPH",
        "imageURL": "https://i.ytimg.com/vi/HbgCmKmaGHc/hqdefault.jpg",
        "videoID": "HbgCmKmaGHc"
    },
    {
        "rank": "6",
        "title": "on the street",
        "artist": "j-hope",
        "imageURL": "https://i.ytimg.com/vi/H0G1ta9qZfs/hq720.jpg",
        "videoID": "H0G1ta9qZfs"
    },
    {
        "rank": "7",
        "title": "Vancouver",
        "artist": "BIG Naughty(서동현)",
        "imageURL": "https://i.ytimg.com/vi/z1Ci3DSPs0s/maxresdefault.jpg",
        "videoID": "z1Ci3DSPs0s"
    },
    {
        "rank": "8",
        "title": "어땠을까",
        "artist": " PSY",
        "imageURL": "https://i.ytimg.com/vi/iT267zwmFBw/hq720.jpg",
        "videoID": "iT267zwmFBw"
    },
    {
        "rank": "9",
        "title": "Café",
        "artist": "BIGBANG",
        "imageURL": "https://i.ytimg.com/vi/5C-UzW1FLiA/hqdefault.jpg",
        "videoID": "5C-UzW1FLiA"
    },
    {
        "rank": "10",
        "title": "IF YOU",
        "artist": "BIGBANG",
        "imageURL": "https://i.ytimg.com/vi/h9hdorPqukU/hq720.jpg",
        "videoID": "h9hdorPqukU"
    },
    {
        "rank": "11",
        "title": "Square (2017)",
        "artist": "백예린",
        "imageURL": "https://i.ytimg.com/vi/_ZkUb7iIOqQ/hqdefault.jpg",
        "videoID": "_ZkUb7iIOqQ"
    },
    {
        "rank": "12",
        "title": "바보 (Fool)",
        "artist": "BIGBANG",
        "imageURL": "https://i.ytimg.com/vi/aeb_Zvcew3Q/hq720.jpg",
        "videoID": "aeb_Zvcew3Q"
    },
    {
        "rank": "13",
        "title": "Missing You",
        "artist": "G-DRAGON",
        "imageURL": "https://i.ytimg.com/vi/XNSmuTpzr8U/hq720.jpg",
        "videoID": "XNSmuTpzr8U"
    },
    {
        "rank": "14",
        "title": "첫사랑은 기준이 되는 걸 너는 알까 (I can't get over you)",
        "artist": "ALEPH",
        "imageURL": "https://i.ytimg.com/vi/eOlWQ6r5CLA/hq720.jpg",
        "videoID": "eOlWQ6r5CLA"
    },
    {
        "rank": "15",
        "title": "Don't Be Shy",
        "artist": "Primary",
        "imageURL": "https://i.ytimg.com/vi/zaxDnsV-ekE/hq720.jpg",
        "videoID": "zaxDnsV-ekE"
    },
    {
        "rank": "16",
        "title": "ai",
        "artist": "Damons year",
        "imageURL": "https://i.ytimg.com/vi/H-9co9kMS2o/hq720.jpg",
        "videoID": "H-9co9kMS2o"
    },
    {
        "rank": "17",
        "title": "Hero",
        "artist": "Charlie Puth",
        "imageURL": "https://i.ytimg.com/vi/OM5cVB81aT8/hq720.jpg",
        "videoID": "OM5cVB81aT8"
    },
    {
        "rank": "18",
        "title": "Light Switch",
        "artist": "Charlie Puth",
        "imageURL": "https://i.ytimg.com/vi/ntG3GQdY_Ok/hq720.jpg",
        "videoID": "ntG3GQdY_Ok"
    },
    {
        "rank": "19",
        "title": "사랑하긴 했었나요 스쳐가는 인연이었나요 짧지않은 우리 함께했던 시간들이 자꾸 내 마음을 가둬두네",
        "artist": "JANNABI(잔나비)",
        "imageURL": "https://i.ytimg.com/vi/A1tZgPAcpjE/hq720.jpg",
        "videoID": "A1tZgPAcpjE"
    },
    {
        "rank": "20",
        "title": "November Rain",
        "artist": "JANNABI(잔나비) ",
        "imageURL": "https://i.ytimg.com/vi/ZsuX9aSst-4/hq720.jpg",
        "videoID": "ZsuX9aSst-4"
    },
    {
        "rank": "21",
        "title": "EVERYTHING",
        "artist": "검정치마",
        "imageURL": "https://i.ytimg.com/vi/Aq_gsctWHtQ/hq720.jpg",
        "videoID": "Aq_gsctWHtQ"
    },
    {
        "rank": "22",
        "title": "한시 오분",
        "artist": "검정치마",
        "imageURL": "https://i.ytimg.com/vi/-_r_Y5nuHlo/hq720.jpg",
        "videoID": "-_r_Y5nuHlo"
    },
    {
        "rank": "23",
        "title": "for lovers who hesitate (주저하는 연인들을 위해)",
        "artist": "JANNABI(잔나비)",
        "imageURL": "https://i.ytimg.com/vi/t8P-zdkoeJA/hq720.jpg",
        "videoID": "t8P-zdkoeJA"
    },
    {
        "rank": "24",
        "title": "가까운 듯 먼 그대여 (Closely Far Away)",
        "artist": "카더가든 (Car, the garden)",
        "imageURL": "https://i.ytimg.com/vi/2VkWaOOF4Rc/hq720.jpg",
        "videoID": "2VkWaOOF4Rc"
    },
    {
        "rank": "25",
        "title": "DMTOMBOY",
        "artist": "HYUKOH(혁오)",
        "imageURL": "https://i.ytimg.com/vi/pC6tPEaAiYU/hq720.jpg",
        "videoID": "pC6tPEaAiYU"
    },
    {
        "rank": "26",
        "title": "기억을 걷는 시간",
        "artist": "넬 (Nell)",
        "imageURL": "https://i.ytimg.com/vi/VZnfZ14fIig/hqdefault.jpg",
        "videoID": "VZnfZ14fIig"
    },
    {
        "rank": "27",
        "title": "잘 지내자, 우리",
        "artist": "최유리",
        "imageURL": "https://i.ytimg.com/vi/_fd_hwSm9zI/hq720.jpg",
        "videoID": "_fd_hwSm9zI"
    },
    {
        "rank": "28",
        "title": "위로 Consolation",
        "artist": "권진아 Kwon Jin Ah",
        "imageURL": "https://i.ytimg.com/vi/qMkQ3lAD418/hq720.jpg",
        "videoID": "qMkQ3lAD418"
    },
    {
        "rank": "29",
        "title": "그건 아마 우리의 잘못은 아닐 거야 Maybe It’s Not Our Fault",
        "artist": "백예린 Yerin Baek",
        "imageURL": "https://i.ytimg.com/vi/Z8E0apklL2w/hq720.jpg",
        "videoID": "Z8E0apklL2w"
    },
    {
        "rank": "30",
        "title": "다시 난, 여기 (Here I Am Again)",
        "artist": "백예린 (Yerin Baek)",
        "imageURL": "https://i.ytimg.com/vi/FFmdTU4Cpr8/hq720.jpg",
        "videoID": "FFmdTU4Cpr8"
    }
]