[
    {
        "rank": "1",
        "title": "빙고",
        "artist": "거북이",
        "imageURL": "https://i.ytimg.com/vi/dRXqAYWZw_c/hq720.jpg",
        "videoID": "dRXqAYWZw_c"
    },
    {
        "rank": "2",
        "title": "400km (Feat. Kid Milli)",
        "artist": "한요한",
        "imageURL": "https://i.ytimg.com/vi/-iPWHBqsWfM/maxresdefault.jpg",
        "videoID": "-iPWHBqsWfM"
    },
    {
        "rank": "3",
        "title": "Dangerously",
        "artist": "Charlie Puth",
        "imageURL": "https://lh3.googleusercontent.com/TlXKDSRGrj0ogqmGbzyGvZrsT9T0F6xgV-2-3pelbzRms0cODdb-ndDg6SpFzkHYMb4NMMMW957wmrObfw=w544-h544-l90-rj",
        "videoID": "TBXQu8ORnBQ"
    },
    {
        "rank": "4",
        "title": "METEOR",
        "artist": "CHANGMO(창모)",
        "imageURL": "https://i.ytimg.com/vi/_50jtkDnObw/hqdefault.jpg",
        "videoID": "_50jtkDnObw"
    },
    {
        "rank": "5",
        "title": "Counting Stars",
        "artist": "OneRepublic",
        "imageURL": "https://lh3.googleusercontent.com/m2pZLjozMvQBj21LgvAIslVPP-T2xQlxbxCTJ98vpPN8HZ0fgR-wisJQ2IzrKS2yLTAYBjs0TpOYnIY=w544-h544-l90-rj",
        "videoID": "_GWKkqNoyEA"
    },
    {
        "rank": "6",
        "title": "개화 (Flowering)",
        "artist": "LUCY",
        "imageURL": "https://i.ytimg.com/vi/7jxlsVRylq8/hqdefault.jpg",
        "videoID": "7jxlsVRylq8"
    },
    {
        "rank": "7",
        "title": "Vancouver",
        "artist": "BIG Naughty(서동현)",
        "imageURL": "https://i.ytimg.com/vi/z1Ci3DSPs0s/maxresdefault.jpg",
        "videoID": "z1Ci3DSPs0s"
    },
    {
        "rank": "8",
        "title": "Rainy day (Feat. ASH ISLAND, Skinny Brown)",
        "artist": "파테코",
        "imageURL": "https://i.ytimg.com/vi/PK02_Q5hHKo/hqdefault.jpg",
        "videoID": "PK02_Q5hHKo"
    },
    {
        "rank": "9",
        "title": "LADY",
        "artist": "Kenshi Yonezu",
        "imageURL": "https://lh3.googleusercontent.com/7e0qJAww69B2DFDDUgFqp59lWMXzuHGS-GG_BFR1sD8rcO80G71aP86hV9NGCqsjx4dMEzO1yxZojAA=w544-h544-l90-rj",
        "videoID": "zOkIe3RcTCs"
    },
    {
        "rank": "10",
        "title": "Oort Cloud (오르트구름)",
        "artist": "윤하",
        "imageURL": "https://i.ytimg.com/vi/58IEh6YkuzQ/hqdefault.jpg",
        "videoID": "58IEh6YkuzQ"
    }
]