[
    {
        "rank": "1",
        "title": "신장개업 (Grand Opening) [Official MV]",
        "artist": "HeMeets",
        "imageURL": "https://i.ytimg.com/vi/Vd3cnq3Gdbs/hqdefault.jpg?sqp=-oaymwEcCNACELwBSFXyq4qpAw4IARUAAIhCGAFwAcABBg==&rs=AOn4CLAPsNe6VUAgg52EIueWT2jXZvxSfg",
        "videoID": "Vd3cnq3Gdbs"
    },
    {
        "rank": "2",
        "title": "Secret",
        "artist": "The Pierces",
        "imageURL": "https://i.ytimg.com/vi/WUWu744yhjA/hq720.jpg?sqp=-oaymwEcCNAFEJQDSFXyq4qpAw4IARUAAIhCGAFwAcABBg==&rs=AOn4CLDGeA6RCNhlE8TwbjsHItfQL7YN_g",
        "videoID": "WUWu744yhjA"
    },
    {
        "rank": "3",
        "title": "CUPHEAD RAP",
        "artist": "JT Music",
        "imageURL": "https://i.ytimg.com/vi/kfM39lmhXOg/hqdefault.jpg?sqp=-oaymwEcCNACELwBSFXyq4qpAw4IARUAAIhCGAFwAcABBg==&rs=AOn4CLBHGwkhI8B82UVT1IVMbfQA08bcoA",
        "videoID": "kfM39lmhXOg"
    },
    {
        "rank": "4",
        "title": "PARANOIA",
        "artist": "HEARTSTEEL",
        "imageURL": "https://i.ytimg.com/vi/aoyTYGjiKsY/hqdefault.jpg?sqp=-oaymwEcCNACELwBSFXyq4qpAw4IARUAAIhCGAFwAcABBg==&rs=AOn4CLBzOtZB6uaMMfFfBL4yI6PG9hekMg",
        "videoID": "aoyTYGjiKsY"
    },
    {
        "rank": "5",
        "title": "Be Around Me",
        "artist": "Will Joseph Cook",
        "imageURL": "https://i.ytimg.com/vi/AKHbAxvAXLU/hqdefault.jpg?sqp=-oaymwEcCNACELwBSFXyq4qpAw4IARUAAIhCGAFwAcABBg==&rs=AOn4CLA3UW_E0h57_WCSmaMDe7xzogJBAw",
        "videoID": "AKHbAxvAXLU"
    },
    {
        "rank": "6",
        "title": "개화 (Flowering)",
        "artist": "LUCY",
        "imageURL": "https://i.ytimg.com/vi/7jxlsVRylq8/hqdefault.jpg",
        "videoID": "7jxlsVRylq8"
    },
    {
        "rank": "7",
        "title": "Blue Moon",
        "artist": "N.Flying(엔플라잉)",
        "imageURL": "https://i.ytimg.com/vi/AFaTDcn9LbY/hqdefault.jpg",
        "videoID": "AFaTDcn9LbY"
    },
    {
        "rank": "8",
        "title": "Parting (소행성)",
        "artist": "ONEWE(원위)",
        "imageURL": "https://i.ytimg.com/vi/CI2jytCXNqE/hqdefault.jpg",
        "videoID": "CI2jytCXNqE"
    },
    {
        "rank": "9",
        "title": "PLAY (놀이)",
        "artist": "LUCY",
        "imageURL": "https://i.ytimg.com/vi/fit0LpVC3sY/hqdefault.jpg",
        "videoID": "fit0LpVC3sY"
    },
    {
        "rank": "10",
        "title": "Oort Cloud (오르트구름)",
        "artist": "윤하",
        "imageURL": "https://i.ytimg.com/vi/58IEh6YkuzQ/hqdefault.jpg",
        "videoID": "58IEh6YkuzQ"
    }
]