[
    {
        "rank": "1",
        "title": "WayV-TEN&YANGYANG 'Low Low' MV",
        "artist": "SMTOWN",
        "imageURL": "https://i.ytimg.com/vi/GYB6jfC9A6U/hq720.jpg?sqp=-oaymwEcCNAFEJQDSFXyq4qpAw4IARUAAIhCGAFwAcABBg==&rs=AOn4CLBtFDysoD5ujpVXHsdBSSXb_sEtHQ",
        "videoID": "GYB6jfC9A6U"
    },
    {
        "rank": "2",
        "title": "JEON SOMI (전소미) - ‘Fast Forward’ M/V",
        "artist": "THEBLACKLABEL",
        "imageURL": "https://i.ytimg.com/vi/_GgIt2EFHV8/hq720.jpg?sqp=-oaymwEcCNAFEJQDSFXyq4qpAw4IARUAAIhCGAFwAcABBg==&rs=AOn4CLB0zHfmcnWyH0i8EG0H7pP68xOzYA",
        "videoID": "_GgIt2EFHV8"
    },
    {
        "rank": "3",
        "title": "IU 'Shopper' MV",
        "artist": "이지금 [IU Official]",
        "imageURL": "https://i.ytimg.com/vi/kHW-UVXOcLU/hq720.jpg?sqp=-oaymwEcCNAFEJQDSFXyq4qpAw4IARUAAIhCGAFwAcABBg==&rs=AOn4CLBs2WHcmEKcHeNb8MW4hJDH-An76Q",
        "videoID": "kHW-UVXOcLU"
    },
    {
        "rank": "4",
        "title": "IU '홀씨(Holssi)' MV",
        "artist": "이지금 [IU Official]",
        "imageURL": "https://i.ytimg.com/vi/mFbILexYSQg/hq720.jpg?sqp=-oaymwEcCNAFEJQDSFXyq4qpAw4IARUAAIhCGAFwAcABBg==&rs=AOn4CLDODq2z9Ujn95Y4qAOx-e0ShBXlLw",
        "videoID": "mFbILexYSQg"
    },
    {
        "rank": "5",
        "title": "🔥봐도 봐도 또 보게 되는 레전드 테일러 에라투어 라이브 공연ㄷㄷ",
        "artist": "최GO",
        "imageURL": "https://i.ytimg.com/vi/9_VEyFuL6QU/hq720.jpg?sqp=-oaymwEcCNAFEJQDSFXyq4qpAw4IARUAAIhCGAFwAcABBg==&rs=AOn4CLBboWcKcJ-__EKRhHwQVO7IBmJMDA",
        "videoID": "9_VEyFuL6QU"
    },
    {
        "rank": "6",
        "title": "주인공 Irreplaceable",
        "artist": "NCT DREAM",
        "imageURL": "https://i.ytimg.com/vi/Wd-zJpV55n4/hq720.jpg?sqp=-oaymwEcCNAFEJQDSFXyq4qpAw4IARUAAIhCGAFwAcABBg==&rs=AOn4CLANCKXOANwkQBFKWkhqTBTMFXl3Ng",
        "videoID": "Wd-zJpV55n4"
    },
    {
        "rank": "7",
        "title": "Welcome To My Playground",
        "artist": "NCT 127",
        "imageURL": "https://i.ytimg.com/vi/I2_NC900qYM/hq720.jpg?sqp=-oaymwEcCNAFEJQDSFXyq4qpAw4IARUAAIhCGAFwAcABBg==&rs=AOn4CLD8S3D896d6WgAfHVoviNZPmRwpfA",
        "videoID": "I2_NC900qYM"
    },
    {
        "rank": "8",
        "title": "aespa 에스파 'Supernova' MV",
        "artist": "SMTOWN",
        "imageURL": "https://i.ytimg.com/vi/phuiiNCxRMg/hq720.jpg?sqp=-oaymwEcCNAFEJQDSFXyq4qpAw4IARUAAIhCGAFwAcABBg==&rs=AOn4CLB34lkFLsf-xquXFpt7ZPGFwGLn1g",
        "videoID": "phuiiNCxRMg"
    },
    {
        "rank": "9",
        "title": "Ariana DeBose - This Wish (From 'Wish') (Official Video)",
        "artist": "DisneyMusicVEVO",
        "imageURL": "https://i.ytimg.com/vi/aCofb-qQxKc/hq720.jpg?sqp=-oaymwEcCNAFEJQDSFXyq4qpAw4IARUAAIhCGAFwAcABBg==&rs=AOn4CLBGUKMPLumO-88fE9-dN82stBuNNQ",
        "videoID": "aCofb-qQxKc"
    },
    {
        "rank": "10",
        "title": "DO WHAT WE LIKE",
        "artist": "TWICE",
        "imageURL": "https://i.ytimg.com/vi/Zw2SgJXWP-4/hq720.jpg?sqp=-oaymwEcCNAFEJQDSFXyq4qpAw4IARUAAIhCGAFwAcABBg==&rs=AOn4CLCzBLanCjp6Xu2h9dtDNzA6_AVyUg",
        "videoID": "Zw2SgJXWP-4"
    },
    {
        "rank": "11",
        "title": "POW (파우) 'Dazzling' M/V",
        "artist": "GRID Entertainment",
        "imageURL": "https://i.ytimg.com/vi/vQ21mMH8Yps/hq720.jpg?sqp=-…AFwAcABBg==&rs=AOn4CLDDVjHDii3WR0T-G1-4Xi8WgxUCIA",
        "videoID": "vQ21mMH8Yps"
    },
    {
        "rank": "12",
        "title": "Charli XCX - Speed Drive (From Barbie The Album) [Official Audio]",
        "artist": "Charli XCX",
        "imageURL": "https://i.ytimg.com/vi/TxZwCpgxttQ/hq720.jpg?sqp=-…Rh_IBMoSTAP&rs=AOn4CLD9btSeGpR1mJxnJ7mLR-vQNY7wBw",
        "videoID": "TxZwCpgxttQ"
    },
    {
        "rank": "13",
        "title": "ILLIT (아일릿) 'Lucky Girl Syndrome' Official MV",
        "artist": "HYBE LABELS",
        "imageURL": "https://i.ytimg.com/vi/UCmgGZbfjmk/hq720.jpg?sqp=-…AFwAcABBg==&rs=AOn4CLAEOFIAH_ZUTW_w_3WLgWECkPzfFA",
        "videoID": "UCmgGZbfjmk"
    },
    {
        "rank": "14",
        "title": "NewJeans (뉴진스) 'ETA' Official MV",
        "artist": "HYBE LABELS",
        "imageURL": "https://i.ytimg.com/vi/jOTfBlKSQYY/hq720.jpg?sqp=-…AFwAcABBg==&rs=AOn4CLA7CXd2PYfucvE0TEbowCVKr8L0BA",
        "videoID": "jOTfBlKSQYY"
    },
    {
        "rank": "15",
        "title": "IVE 아이브 'Either Way’ MV",
        "artist": "STARSHIP",
        "imageURL": "https://i.ytimg.com/vi/_Hu4GYtye5U/hq720.jpg?sqp=-…AFwAcABBg==&rs=AOn4CLA8N7XMh_hiyJZobPJ7gbu943YwWA",
        "videoID": "_Hu4GYtye5U"
    },
    {
        "rank": "16",
        "title": "RAINBOW",
        "artist": "TWICE",
        "imageURL": "https://i.ytimg.com/vi/uU8ib9OLrnE/hq720.jpg?sqp=-…AFwAcABBg==&rs=AOn4CLA0njCK0ByyH-GqVLi8H21LwAy2CA",
        "videoID": "uU8ib9OLrnE"
    },
    {
        "rank": "17",
        "title": "해바라기 Hey. Bae. Like it.",
        "artist": "official IZ*ONE",
        "imageURL": "https://i.ytimg.com/vi/prNNjpvGjCY/hq720.jpg?sqp=-…AFwAcABBg==&rs=AOn4CLDm-OElZNwnX973P_xjLCWUwDRWiw",
        "videoID": "prNNjpvGjCY"
    },
    {
        "rank": "18",
        "title": "윤지영 (Yoon Jiyoung) - City Seoul [MV]",
        "artist": "윤지영 / Yoon ji young",
        "imageURL": "https://i.ytimg.com/vi/-TtlnIC50gE/hq720.jpg?sqp=-…AFwAcABBg==&rs=AOn4CLBsA9vX1Dysv2zr2etOqYec3Iho6A",
        "videoID": "-TtlnIC50gE"
    },
    {
        "rank": "19",
        "title": "RIIZE 라이즈 '9 Days' MV",
        "artist": "SMTOWN",
        "imageURL": "https://i.ytimg.com/vi/YVwNxYhgCdg/hq720.jpg?sqp=-…AFwAcABBg==&rs=AOn4CLA4rvGz5tL23Dhu4PAlNejxUp6ZIQ",
        "videoID": "YVwNxYhgCdg"
    },
    {
        "rank": "20",
        "title": "NMIXX - 붉은 노을 [AI커버] | 대학축제 FMV",
        "artist": "제공피",
        "imageURL": "https://i.ytimg.com/vi/A9A3u9dLaCg/hq720.jpg?sqp=-…AFwAcABBg==&rs=AOn4CLCCNGSpEyxGNAKOW43-jog1nPA-lw",
        "videoID": "A9A3u9dLaCg"
    },
    {
        "rank": "21",
        "title": "スパークル [original ver.] -Your name. Music Video edition- 予告編 from new album「人間開花」初回盤DVD",
        "artist": "RADWIMPS",
        "imageURL": "https://i.ytimg.com/vi/a2GujJZfXpg/hq720.jpg?sqp=-…AFwAcABBg==&rs=AOn4CLAGXTmPFtE4L-aZ827s5Be5IxV2CA",
        "videoID": "a2GujJZfXpg"
    },
    {
        "rank": "22",
        "title": "Could Have Been Me",
        "artist": "Halsey",
        "imageURL": "https://i.ytimg.com/vi/ZJocdnMvTYs/hq720.jpg?sqp=-…AFwAcABBg==&rs=AOn4CLDtzS3Q4fq7cGb8UbjTc0oKJjes6A",
        "videoID": "ZJocdnMvTYs"
    },
    {
        "rank": "23",
        "title": "TRI.BE - WE ARE YOUNG",
        "artist": "TRI_BE 트라이비 Official Channel",
        "imageURL": "https://i.ytimg.com/vi/tXXQ9ue9YbY/hq720.jpg?sqp=-…AFwAcABBg==&rs=AOn4CLDNI9Fgbe2Q7xi80lKeT8Fn08fjIw",
        "videoID": "tXXQ9ue9YbY"
    },
    {
        "rank": "24",
        "title": "‘오르골 (Life Is Still Going On)’, ’ANL’ Live Clip | NCT DREAM 엔시티 드림",
        "artist": "NCT DREAM",
        "imageURL": "https://i.ytimg.com/vi/S8tM-emmsuc/hq720.jpg?sqp=-…AFwAcABBg==&rs=AOn4CLCmPi-OvpbGW_a-SJgIsBDFG3-Exw",
        "videoID": "S8tM-emmsuc"
    },
    {
        "rank": "25",
        "title": "Together from Afar - Jónsi (드래곤 길들이기 3 OST) 가사/한국어자막",
        "artist": "주연시네마Juyeon Cinema",
        "imageURL": "https://i.ytimg.com/vi/4QPV1xNkYBQ/hq720.jpg?sqp=-…AFwAcABBg==&rs=AOn4CLAoNsBxpDHNVIyIK237btEFvtvnLQ",
        "videoID": "4QPV1xNkYBQ"
    },
    {
        "rank": "26",
        "title": "Sunflower – Post Malone, Swae Lee (스파이더맨: 뉴 유니버스 OST) 가사/한국어자막",
        "artist": "주연시네마Juyeon Cinema",
        "imageURL": "https://i.ytimg.com/vi/3gQCd30oEcQ/hqdefault.jpg?s…AFwAcABBg==&rs=AOn4CLAGjStcaB0cTjyHyYdKqlq4aupUBg",
        "videoID": "3gQCd30oEcQ"
    },
    {
        "rank": "27",
        "title": "Lemon-Aid",
        "artist": "YENA(최예나)",
        "imageURL": "https://i.ytimg.com/vi/FS_HWP5D8gA/hq720.jpg?sqp=-…AFwAcABBg==&rs=AOn4CLD9DK1VNBQ2UybojGGBCnryXthB7A",
        "videoID": "FS_HWP5D8gA"
    },
    {
        "rank": "28",
        "title": "[MV] IU(아이유) _ strawberry moon",
        "artist": "1theK",
        "imageURL": "https://i.ytimg.com/vi/sqgxcCjD04s/hq720.jpg?sqp=-…AFwAcABBg==&rs=AOn4CLC_4lSaUIkgs0uchLhJcKzYvxXyEQ",
        "videoID": "sqgxcCjD04s"
    },
    {
        "rank": "29",
        "title": "𝗦𝗣𝗬𝗔𝗜𝗥 - 사무라이 하트 (SOME LIKE IT HOT) / 한글자막",
        "artist": "무도관",
        "imageURL": "https://i.ytimg.com/vi/EfjyhYGjLYo/hqdefault.jpg?s…AFwAcABBg==&rs=AOn4CLBTQgOTq_WTrOnkyDyFYe1VULs0-Q",
        "videoID": "EfjyhYGjLYo"
    },
    {
        "rank": "30",
        "title": "온앤오프 (ONF)_Complete (널 만난 순간)(MV)",
        "artist": "WM ENTERTAINMENT",
        "imageURL": "https://i.ytimg.com/vi/Qa8wR2JGK-k/hq720.jpg?sqp=-…AFwAcABBg==&rs=AOn4CLCpR9RR30MsxDLfj1mAVz3K69YR1A",
        "videoID": "Qa8wR2JGK-k"
    },
    {
        "rank": "31",
        "title": "FREEDOM",
        "artist": "AKMU",
        "imageURL": "https://i.ytimg.com/vi/LRrsW8-TkQ0/hq720.jpg?sqp=-oaymwEcCNAFEJQDSFXyq4qpAw4IARUAAIhCGAFwAcABBg==&rs=AOn4CLCo1XiAqP3-1590Ca6UYpx8ENLLzw",
        "videoID": "LRrsW8-TkQ0"
    },
    {
        "rank": "32",
        "title": "Time Lapse",
        "artist": "TAEYEON Official",
        "imageURL": "https://i.ytimg.com/vi/qDW-sVVtTGk/hq720.jpg?sqp=-…AFwAcABBg==&rs=AOn4CLBuJwTHa224-uS7zFn9yrVZGun-qA",
        "videoID": "qDW-sVVtTGk"
    },
    {
        "rank": "33",
        "title": "K/DA - POP/STARS (ft. Madison Beer, (G)I-DLE, Jaira Burns) | Music Video - League of Legends",
        "artist": "League of Legends",
        "imageURL": "https://i.ytimg.com/vi/UOxkGD8qRB4/hq720.jpg?sqp=-…AFwAcABBg==&rs=AOn4CLDlpeDoJOJd8k-_jkIudn-cF2tDcQ",
        "videoID": "UOxkGD8qRB4"
    },
    {
        "rank": "34",
        "title": "짱구는못말려 레전드 삽입곡🌊 : SEKAI NO OWARI - RPG [가사/해석/번역]",
        "artist": "멜라",
        "imageURL": "https://i.ytimg.com/vi/lOhKlv2sGPE/hq720.jpg?sqp=-…AFwAcABBg==&rs=AOn4CLBUPjx0Oe6xl_nrG5ew8eIJx0N-Zw",
        "videoID": "lOhKlv2sGPE"
    },
    {
        "rank": "35",
        "title": "🔥그 시절 우리는 모두 선택받은 아이들이었다 : 전영호 - Butterfly [가사/해석/번역/lyrics]",
        "artist": "뮤지카 MUS;CA",
        "imageURL": "https://i.ytimg.com/vi/rGRC_Nf8fww/hqdefault.jpg?s…RUAAIhCGAE=&rs=AOn4CLCY2YGOsEaFYymexJI-ljN8kgd7JA",
        "videoID": "rGRC_Nf8fww"
    },
    {
        "rank": "36",
        "title": "STAYC(스테이씨) 'BEAUTIFUL MONSTER' MV",
        "artist": "STAYC",
        "imageURL": "https://i.ytimg.com/vi/juQvizeZJFM/hq720.jpg?sqp=-…AFwAcABBg==&rs=AOn4CLDaM4TBg4RMDlGrPNNKHRUnwBpBMg",
        "videoID": "juQvizeZJFM"
    },
    {
        "rank": "37",
        "title": "Sooo LUCKY",
        "artist": "ITZY",
        "imageURL": "https://i.ytimg.com/vi/6wSj1coZmu0/hq720.jpg?sqp=-…AFwAcABBg==&rs=AOn4CLC9tVNplVqnQd2b6-niAjd7e9HkZg",
        "videoID": "6wSj1coZmu0"
    },
    {
        "rank": "38",
        "title": "ITZY - Psychic Lover (Audio Clip)",
        "artist": "ITZY",
        "imageURL": "https://i.ytimg.com/vi/dzhdy5vlIAI/hqdefault.jpg?s…AFwAcABBg==&rs=AOn4CLBJfou-4O0iGUYzDcrrLQtmVi7T4g",
        "videoID": "dzhdy5vlIAI"
    },
    {
        "rank": "39",
        "title": "스트레스 Stress",
        "artist": "TAEYEON Official",
        "imageURL": "https://i.ytimg.com/vi/-4ZL1La4Hb4/hq720.jpg?sqp=-…AFwAcABBg==&rs=AOn4CLDfu__FNDv1E1SsPo-jPgkNVdUVfg",
        "videoID": "4ZL1La4Hb4"
    },
    {
        "rank": "40",
        "title": "Delight",
        "artist": "키 - 주제",
        "imageURL": "https://i.ytimg.com/vi/pHPXONbyIMQ/hq720.jpg?sqp=-…AFwAcABBg==&rs=AOn4CLASIrmrF1i51-kIQI4d3lENuy9kow",
        "videoID": "pHPXONbyIMQ"
    },
    {
        "rank": "41",
        "title": "겨울왕국 OST ❄️ Let It Go - Idina Menzel (이디나 멘젤) [영상/가사/해석/발음/한글/자막/lyrics]",
        "artist": "시소",
        "imageURL": "https://i.ytimg.com/vi/RgGRyssdJvw/hqdefault.jpg?s…AFwAcABBg==&rs=AOn4CLBicq6X3WdGt6keAiN3IjXkX5qThQ",
        "videoID": "RgGRyssdJvw"
    },
    {
        "rank": "42",
        "title": "겨울왕국2 OST 공식뮤비❄️ Into the Unknown - Idina Menzel(이디나 멘젤), AURORA [가사/해석/발음/영상/한글/자막]",
        "artist": "시소",
        "imageURL": "https://i.ytimg.com/vi/3B01_vNhG1o/hqdefault.jpg?s…AFwAcABBg==&rs=AOn4CLCH0EhUufq7cpCZPp2SbMNbWb4hNw",
        "videoID": "3B01_vNhG1o"
    },
    {
        "rank": "43",
        "title": "Auli'i Cravalho - How Far I'll Go (from Moana/Official Video)",
        "artist": "DisneyMusicVEVO",
        "imageURL": "https://i.ytimg.com/vi/cPAbx5kgCJo/hq720.jpg?sqp=-…AFwAcABBg==&rs=AOn4CLBD93o--Bsxi5nasGFCZIc1FgG40A",
        "videoID": "cPAbx5kgCJo"
    },
    {
        "rank": "44",
        "title": "선생님..! 농구가 하고 싶어요...🔥🔥: 10-Feet - 第ゼロ感 (Dai Zero Kan) (영화 『THE FIRST SLAM DUNK』 ED) (2023) [가사해석/번역]",
        "artist": "직키(Zickii)",
        "imageURL": "https://i.ytimg.com/vi/7JKu3J3ym_s/hq720.jpg?sqp=-…AFwAcABBg==&rs=AOn4CLD-894dQ4Jier2pzwYT2SwmD3ZarQ",
        "videoID": "7JKu3J3ym_s"
    },
    {
        "rank": "45",
        "title": "Troye Sivan - YOUTH (Official Video)",
        "artist": "Troye Sivan",
        "imageURL": "https://i.ytimg.com/vi/XYAghEq5Lfw/hq720.jpg?sqp=-…AFwAcABBg==&rs=AOn4CLBwMPc4w-bAsi_-aCKonhI9GVIp7Q",
        "videoID": "XYAghEq5Lfw"
    },
    {
        "rank": "46",
        "title": "🔥탑건: 매버릭OST| 탑건 해변가 그 노래 : OneRepublic - I Ain’t Worried [가사/해석/번역/lyrics]",
        "artist": "쏘플 soso playlist",
        "imageURL": "https://i.ytimg.com/vi/INak4ORss18/hq720.jpg?sqp=-…AFwAcABBg==&rs=AOn4CLDlEldItJDPbeLs4dpQuWgLvoQ-WQ",
        "videoID": "INak4ORss18"
    },
    {
        "rank": "47",
        "title": "BLACKPINK - 'Lovesick Girls' M/V",
        "artist": "BLACKPINK",
        "imageURL": "https://i.ytimg.com/vi/dyRsYk0LyA8/hq720.jpg?sqp=-…AFwAcABBg==&rs=AOn4CLCphghsHDeAUexlr-4g4LpaR3EvLQ",
        "videoID": "dyRsYk0LyA8"
    },
    {
        "rank": "48",
        "title": "BLACKPINK X PUBG MOBILE - ‘Ready For Love’ M/V",
        "artist": "BLACKPINK",
        "imageURL": "https://i.ytimg.com/vi/7WyHtSlvHD4/hq720.jpg?sqp=-…AFwAcABBg==&rs=AOn4CLDJSXGM57Wam_e1OCslkzibaI8bsw",
        "videoID": "7WyHtSlvHD4"
    },
    {
        "rank": "49",
        "title": "🚪한국에서 가장 흥행한 일본 애니 영화 1위 : RADWIMPS - カナタハルカ(카나타하루카) [가사/해석/번역/lyrics] | 스즈메의 문단속 ED",
        "artist": "쏘플 soso playlist",
        "imageURL": "https://i.ytimg.com/vi/OqH2l2WJXic/hq720.jpg?sqp=-…AFwAcABBg==&rs=AOn4CLApxixTuX20BKyMyIPxKyad_SZs9Q",
        "videoID": "OqH2l2WJXic"
    },
    {
        "rank": "50",
        "title": "Grand Escape | A Weathering With You AMV",
        "artist": "Tranquility",
        "imageURL": "https://i.ytimg.com/vi/YAXTn0E-Zgo/hq720.jpg?sqp=-…AFwAcABBg==&rs=AOn4CLC3mfEvYqKcr1YqOZjVp1g0kr1Kjw",
        "videoID": "YAXTn0E-Zgo"
    }
]